"","Sample","Unique.Exome.Reads","Prod.Reads","Sample.Type","CapPool","CapRounds","Shot.PercEnd","SampPercEnd.log","SampPercEnd.log.z","Prod.Reads.z"
"1","N12304",5428188.125,20,"Fecal",6,"2",10.25958639,2.328212526,0.110349206,1.473668114
"2","N12304",2527996.038,5,"Fecal",6,"2",10.25958639,2.328212526,0.110349206,-1.126922675
"3","N12304",3398426.439,8,"Fecal",6,"2",10.25958639,2.328212526,0.110349206,-0.606804518
"4","N12304",4603569.855,14,"Fecal",6,"2",10.25958639,2.328212526,0.110349206,0.433431798
"5","N12304",4760839.043,15,"Fecal",6,"2",10.25958639,2.328212526,0.110349206,0.606804518
"8","N12304",4066895.953,11,"Fecal",6,"2",10.25958639,2.328212526,0.110349206,-0.08668636
"12","N12304",1274619.623,2,"Fecal",6,"2",10.25958639,2.328212526,0.110349206,-1.647040833
"14","N12304",5050088.927,17,"Fecal",6,"2",10.25958639,2.328212526,0.110349206,0.953549956
"17","N14222",2279238.908,15,"Fecal",10,"2",4.205760526,1.436455139,-1.264881497,0.606804518
"18","N14222",2079229.99,11,"Fecal",10,"2",4.205760526,1.436455139,-1.264881497,-0.08668636
"19","N14222",2236452.102,14,"Fecal",10,"2",4.205760526,1.436455139,-1.264881497,0.433431798
"20","N14222",2442681.323,20,"Fecal",10,"2",4.205760526,1.436455139,-1.264881497,1.473668114
"21","N14222",1862417.551,8,"Fecal",10,"2",4.205760526,1.436455139,-1.264881497,-0.606804518
"22","N14222",911993.6152,2,"Fecal",10,"2",4.205760526,1.436455139,-1.264881497,-1.647040833
"24","N14222",1527401.164,5,"Fecal",10,"2",4.205760526,1.436455139,-1.264881497,-1.126922675
"28","N14222",2353160.739,17,"Fecal",10,"2",4.205760526,1.436455139,-1.264881497,0.953549956
"33","N14910",4663937.099,14,"Fecal",5,"1",11.91136942,2.477493357,0.34056382,0.433431798
"34","N14910",3369187.85,8,"Fecal",5,"1",11.91136942,2.477493357,0.34056382,-0.606804518
"36","N14910",4091681.478,11,"Fecal",5,"1",11.91136942,2.477493357,0.34056382,-0.08668636
"37","N14910",4831325.137,15,"Fecal",5,"1",11.91136942,2.477493357,0.34056382,0.606804518
"39","N14910",2428044.981,5,"Fecal",5,"1",11.91136942,2.477493357,0.34056382,-1.126922675
"40","N14910",5514124.333,20,"Fecal",5,"1",11.91136942,2.477493357,0.34056382,1.473668114
"42","N14910",5129237.059,17,"Fecal",5,"1",11.91136942,2.477493357,0.34056382,0.953549956
"46","N14910",1145036.858,2,"Fecal",5,"1",11.91136942,2.477493357,0.34056382,-1.647040833
"49","N15105",1549744.729,8,"Fecal",11,"2",2.813650418,1.034482721,-1.884786438,-0.606804518
"50","N15105",1289932.454,5,"Fecal",11,"2",2.813650418,1.034482721,-1.884786438,-1.126922675
"51","N15105",1845632.759,14,"Fecal",11,"2",2.813650418,1.034482721,-1.884786438,0.433431798
"52","N15105",1879629.586,15,"Fecal",11,"2",2.813650418,1.034482721,-1.884786438,0.606804518
"54","N15105",2013602.347,20,"Fecal",11,"2",2.813650418,1.034482721,-1.884786438,1.473668114
"55","N15105",1721587.26,11,"Fecal",11,"2",2.813650418,1.034482721,-1.884786438,-0.08668636
"58","N15105",1939601.265,17,"Fecal",11,"2",2.813650418,1.034482721,-1.884786438,0.953549956
"62","N15105",804053.4783,2,"Fecal",11,"2",2.813650418,1.034482721,-1.884786438,-1.647040833
"65","N15113",2035188.443,5,"Fecal",10,"2",4.980867746,1.605604122,-1.004027056,-1.126922675
"66","N15113",3339804.105,15,"Fecal",10,"2",4.980867746,1.605604122,-1.004027056,0.606804518
"67","N15113",3263324.911,14,"Fecal",10,"2",4.980867746,1.605604122,-1.004027056,0.433431798
"68","N15113",2595345.432,8,"Fecal",10,"2",4.980867746,1.605604122,-1.004027056,-0.606804518
"71","N15113",3654219.612,20,"Fecal",10,"2",4.980867746,1.605604122,-1.004027056,1.473668114
"72","N15113",3478350.42,17,"Fecal",10,"2",4.980867746,1.605604122,-1.004027056,0.953549956
"73","N15113",2978198.255,11,"Fecal",10,"2",4.980867746,1.605604122,-1.004027056,-0.08668636
"74","N15113",1120213.736,2,"Fecal",10,"2",4.980867746,1.605604122,-1.004027056,-1.647040833
"81","N15304",4742455.3,15,"Fecal",7,"1",8.361281535,2.123611709,-0.205177561,0.606804518
"82","N15304",3293754.211,8,"Fecal",7,"1",8.361281535,2.123611709,-0.205177561,-0.606804518
"83","N15304",4578466.46,14,"Fecal",7,"1",8.361281535,2.123611709,-0.205177561,0.433431798
"84","N15304",1112300.986,2,"Fecal",7,"1",8.361281535,2.123611709,-0.205177561,-1.647040833
"86","N15304",2368254.794,5,"Fecal",7,"1",8.361281535,2.123611709,-0.205177561,-1.126922675
"87","N15304",5433677.835,20,"Fecal",7,"1",8.361281535,2.123611709,-0.205177561,1.473668114
"88","N15304",4008338.988,11,"Fecal",7,"1",8.361281535,2.123611709,-0.205177561,-0.08668636
"92","N15304",5045035.056,17,"Fecal",7,"1",8.361281535,2.123611709,-0.205177561,0.953549956
"97","N15410",3981503.375,8,"Fecal",2,"2",19.70307287,2.980774607,1.116702977,-0.606804518
"98","N15410",5564206.363,14,"Fecal",2,"2",19.70307287,2.980774607,1.116702977,0.433431798
"99","N15410",4849119.292,11,"Fecal",2,"2",19.70307287,2.980774607,1.116702977,-0.08668636
"100","N15410",5774187.489,15,"Fecal",2,"2",19.70307287,2.980774607,1.116702977,0.606804518
"101","N15410",2881849.35,5,"Fecal",2,"2",19.70307287,2.980774607,1.116702977,-1.126922675
"102","N15410",6160633.485,17,"Fecal",2,"2",19.70307287,2.980774607,1.116702977,0.953549956
"106","N15410",6669925.199,20,"Fecal",2,"2",19.70307287,2.980774607,1.116702977,1.473668114
"107","N15410",1394736.134,2,"Fecal",2,"2",19.70307287,2.980774607,1.116702977,-1.647040833
"113","N15901",5921955.733,15,"Fecal",3,"1",15.27794586,2.726410341,0.724433115,0.606804518
"114","N15901",6997928.206,20,"Fecal",3,"1",15.27794586,2.726410341,0.724433115,1.473668114
"115","N15901",5670180.294,14,"Fecal",3,"1",15.27794586,2.726410341,0.724433115,0.433431798
"118","N15901",4841312.07,11,"Fecal",3,"1",15.27794586,2.726410341,0.724433115,-0.08668636
"119","N15901",2672877.649,5,"Fecal",3,"1",15.27794586,2.726410341,0.724433115,-1.126922675
"122","N15901",3859486.341,8,"Fecal",3,"1",15.27794586,2.726410341,0.724433115,-0.606804518
"123","N15901",6381087.985,17,"Fecal",3,"1",15.27794586,2.726410341,0.724433115,0.953549956
"125","N15901",1198274.395,2,"Fecal",3,"1",15.27794586,2.726410341,0.724433115,-1.647040833
"129","N16007",5677516.171,17,"Fecal",2,"2",18.5125352,2.918448081,1.020585633,0.953549956
"130","N16007",5129252.021,14,"Fecal",2,"2",18.5125352,2.918448081,1.020585633,0.433431798
"131","N16007",5321432.793,15,"Fecal",2,"2",18.5125352,2.918448081,1.020585633,0.606804518
"132","N16007",2685270.859,5,"Fecal",2,"2",18.5125352,2.918448081,1.020585633,-1.126922675
"134","N16007",4475735.856,11,"Fecal",2,"2",18.5125352,2.918448081,1.020585633,-0.08668636
"137","N16007",1320681.903,2,"Fecal",2,"2",18.5125352,2.918448081,1.020585633,-1.647040833
"139","N16007",3684638.297,8,"Fecal",2,"2",18.5125352,2.918448081,1.020585633,-0.606804518
"141","N16007",6150105.078,20,"Fecal",2,"2",18.5125352,2.918448081,1.020585633,1.473668114
"145","N16016",1303995.163,5,"Fecal",4,"2",13.70054264,2.617435441,0.55637661,-1.126922675
"146","N16016",1906920.852,15,"Fecal",4,"2",13.70054264,2.617435441,0.55637661,0.606804518
"147","N16016",1873230.225,14,"Fecal",4,"2",13.70054264,2.617435441,0.55637661,0.433431798
"148","N16016",2039766.197,20,"Fecal",4,"2",13.70054264,2.617435441,0.55637661,1.473668114
"149","N16016",1966411.55,17,"Fecal",4,"2",13.70054264,2.617435441,0.55637661,0.953549956
"151","N16016",1748742.554,11,"Fecal",4,"2",13.70054264,2.617435441,0.55637661,-0.08668636
"156","N16016",807243.3385,2,"Fecal",4,"2",13.70054264,2.617435441,0.55637661,-1.647040833
"158","N16016",1573266.543,8,"Fecal",4,"2",13.70054264,2.617435441,0.55637661,-0.606804518
"161","N16017",2326976.647,5,"Fecal",3,"1",17.53537615,2.864220335,0.936957885,-1.126922675
"162","N16017",3742016.162,11,"Fecal",3,"1",17.53537615,2.864220335,0.936957885,-0.08668636
"163","N16017",4331660.676,15,"Fecal",3,"1",17.53537615,2.864220335,0.936957885,0.606804518
"165","N16017",4862247.293,20,"Fecal",3,"1",17.53537615,2.864220335,0.936957885,1.473668114
"168","N16017",4202993.85,14,"Fecal",3,"1",17.53537615,2.864220335,0.936957885,0.433431798
"169","N16017",4566165.29,17,"Fecal",3,"1",17.53537615,2.864220335,0.936957885,0.953549956
"172","N16017",1141212.91,2,"Fecal",3,"1",17.53537615,2.864220335,0.936957885,-1.647040833
"173","N16017",3142503.852,8,"Fecal",3,"1",17.53537615,2.864220335,0.936957885,-0.606804518
"177","N16214",3562550.434,15,"Fecal",2,"2",21.43589925,3.065067052,1.246695237,0.606804518
"179","N16214",3467364.299,14,"Fecal",2,"2",21.43589925,3.065067052,1.246695237,0.433431798
"180","N16214",3141570.812,11,"Fecal",2,"2",21.43589925,3.065067052,1.246695237,-0.08668636
"181","N16214",1147973.247,2,"Fecal",2,"2",21.43589925,3.065067052,1.246695237,-1.647040833
"182","N16214",2103580.432,5,"Fecal",2,"2",21.43589925,3.065067052,1.246695237,-1.126922675
"183","N16214",3943620.738,20,"Fecal",2,"2",21.43589925,3.065067052,1.246695237,1.473668114
"188","N16214",2712373.639,8,"Fecal",2,"2",21.43589925,3.065067052,1.246695237,-0.606804518
"189","N16214",3730800.234,17,"Fecal",2,"2",21.43589925,3.065067052,1.246695237,0.953549956
"193","N16608",470604.976,17,"Fecal",6,"2",9.623910081,2.264250635,0.011709871,0.953549956
"194","N16608",406737.3859,5,"Fecal",6,"2",9.623910081,2.264250635,0.011709871,-1.126922675
"195","N16608",437784.8107,8,"Fecal",6,"2",9.623910081,2.264250635,0.011709871,-0.606804518
"196","N16608",453924.8614,11,"Fecal",6,"2",9.623910081,2.264250635,0.011709871,-0.08668636
"197","N16608",466435.8856,15,"Fecal",6,"2",9.623910081,2.264250635,0.011709871,0.606804518
"198","N16608",475436.4935,20,"Fecal",6,"2",9.623910081,2.264250635,0.011709871,1.473668114
"203","N16608",315304.3358,2,"Fecal",6,"2",9.623910081,2.264250635,0.011709871,-1.647040833
"205","N16608",463936.4533,14,"Fecal",6,"2",9.623910081,2.264250635,0.011709871,0.433431798
"209","N17014",5732341.163,15,"Fecal",9,"1",6.323832904,1.844325496,-0.635881001,0.606804518
"211","N17014",3797911.782,8,"Fecal",9,"1",6.323832904,1.844325496,-0.635881001,-0.606804518
"212","N17014",4728177.736,11,"Fecal",9,"1",6.323832904,1.844325496,-0.635881001,-0.08668636
"213","N17014",6716067.466,20,"Fecal",9,"1",6.323832904,1.844325496,-0.635881001,1.473668114
"214","N17014",5501382.635,14,"Fecal",9,"1",6.323832904,1.844325496,-0.635881001,0.433431798
"215","N17014",2653818.559,5,"Fecal",9,"1",6.323832904,1.844325496,-0.635881001,-1.126922675
"217","N17014",1203210.285,2,"Fecal",9,"1",6.323832904,1.844325496,-0.635881001,-1.647040833
"220","N17014",6155342.552,17,"Fecal",9,"1",6.323832904,1.844325496,-0.635881001,0.953549956
"225","N17311",6201401.201,15,"Fecal",1,"1",23.96836523,3.176734845,1.418904608,0.606804518
"226","N17311",1264995.826,2,"Fecal",1,"1",23.96836523,3.176734845,1.418904608,-1.647040833
"227","N17311",5080637.006,11,"Fecal",1,"1",23.96836523,3.176734845,1.418904608,-0.08668636
"229","N17311",4055741.903,8,"Fecal",1,"1",23.96836523,3.176734845,1.418904608,-0.606804518
"230","N17311",7325898.219,20,"Fecal",1,"1",23.96836523,3.176734845,1.418904608,1.473668114
"231","N17311",5944327.137,14,"Fecal",1,"1",23.96836523,3.176734845,1.418904608,0.433431798
"232","N17311",6684146.697,17,"Fecal",1,"1",23.96836523,3.176734845,1.418904608,0.953549956
"233","N17311",2813654.529,5,"Fecal",1,"1",23.96836523,3.176734845,1.418904608,-1.126922675
"241","N17316",4601985.72,15,"Fecal",8,"2",7.010735549,1.947442624,-0.476858108,0.606804518
"242","N17316",4452794.942,14,"Fecal",8,"2",7.010735549,1.947442624,-0.476858108,0.433431798
"244","N17316",3298735.928,8,"Fecal",8,"2",7.010735549,1.947442624,-0.476858108,-0.606804518
"246","N17316",4876189.61,17,"Fecal",8,"2",7.010735549,1.947442624,-0.476858108,0.953549956
"247","N17316",3940544.466,11,"Fecal",8,"2",7.010735549,1.947442624,-0.476858108,-0.08668636
"248","N17316",2461415.588,5,"Fecal",8,"2",7.010735549,1.947442624,-0.476858108,-1.126922675
"250","N17316",1247181.602,2,"Fecal",8,"2",7.010735549,1.947442624,-0.476858108,-1.647040833
"251","N17316",5233569.786,20,"Fecal",8,"2",7.010735549,1.947442624,-0.476858108,1.473668114
"257","N17405",5837658.535,14,"Fecal",6,"2",9.382607031,2.238857659,-0.027450108,0.433431798
"258","N17405",6067519.888,15,"Fecal",6,"2",9.382607031,2.238857659,-0.027450108,0.606804518
"259","N17405",7056329.603,20,"Fecal",6,"2",9.382607031,2.238857659,-0.027450108,1.473668114
"261","N17405",4137634.022,8,"Fecal",6,"2",9.382607031,2.238857659,-0.027450108,-0.606804518
"263","N17405",2972641.338,5,"Fecal",6,"2",9.382607031,2.238857659,-0.027450108,-1.126922675
"264","N17405",6491001.838,17,"Fecal",6,"2",9.382607031,2.238857659,-0.027450108,0.953549956
"267","N17405",1422943.775,2,"Fecal",6,"2",9.382607031,2.238857659,-0.027450108,-1.647040833
"268","N17405",5065051.254,11,"Fecal",6,"2",9.382607031,2.238857659,-0.027450108,-0.08668636
"273","N18609",5578754.985,15,"Fecal",4,"2",12.85821658,2.55398303,0.458522973,0.606804518
"274","N18609",5377314.346,14,"Fecal",4,"2",12.85821658,2.55398303,0.458522973,0.433431798
"275","N18609",6446298.098,20,"Fecal",4,"2",12.85821658,2.55398303,0.458522973,1.473668114
"276","N18609",2817793.01,5,"Fecal",4,"2",12.85821658,2.55398303,0.458522973,-1.126922675
"278","N18609",3869555.14,8,"Fecal",4,"2",12.85821658,2.55398303,0.458522973,-0.606804518
"279","N18609",1377514.823,2,"Fecal",4,"2",12.85821658,2.55398303,0.458522973,-1.647040833
"281","N18609",5950955.552,17,"Fecal",4,"2",12.85821658,2.55398303,0.458522973,0.953549956
"282","N18609",4694660.767,11,"Fecal",4,"2",12.85821658,2.55398303,0.458522973,-0.08668636
"289","N19103",4011285.572,15,"Fecal",7,"1",8.242603208,2.109316217,-0.227223467,0.606804518
"290","N19103",3892297.381,14,"Fecal",7,"1",8.242603208,2.109316217,-0.227223467,0.433431798
"291","N19103",2167128.952,5,"Fecal",7,"1",8.242603208,2.109316217,-0.227223467,-1.126922675
"292","N19103",3471027.404,11,"Fecal",7,"1",8.242603208,2.109316217,-0.227223467,-0.08668636
"293","N19103",4496554.652,20,"Fecal",7,"1",8.242603208,2.109316217,-0.227223467,1.473668114
"294","N19103",4226495.703,17,"Fecal",7,"1",8.242603208,2.109316217,-0.227223467,0.953549956
"296","N19103",2920880.142,8,"Fecal",7,"1",8.242603208,2.109316217,-0.227223467,-0.606804518
"300","N19103",1062989.094,2,"Fecal",7,"1",8.242603208,2.109316217,-0.227223467,-1.647040833
"305","N19108",2414294.741,5,"Fecal",7,"1",8.474749726,2.137091122,-0.184390178,-1.126922675
"306","N19108",4794772.676,15,"Fecal",7,"1",8.474749726,2.137091122,-0.184390178,0.606804518
"307","N19108",4628974.409,14,"Fecal",7,"1",8.474749726,2.137091122,-0.184390178,0.433431798
"308","N19108",3346228.422,8,"Fecal",7,"1",8.474749726,2.137091122,-0.184390178,-0.606804518
"309","N19108",4061905.424,11,"Fecal",7,"1",8.474749726,2.137091122,-0.184390178,-0.08668636
"311","N19108",5472670.88,20,"Fecal",7,"1",8.474749726,2.137091122,-0.184390178,1.473668114
"312","N19108",1140091.97,2,"Fecal",7,"1",8.474749726,2.137091122,-0.184390178,-1.647040833
"316","N19108",5089910.85,17,"Fecal",7,"1",8.474749726,2.137091122,-0.184390178,0.953549956
"321","N19909",5296279.144,11,"Fecal",2,"2",21.91691056,3.087258511,1.280917971,-0.08668636
"322","N19909",7486671.4,20,"Fecal",2,"2",21.91691056,3.087258511,1.280917971,1.473668114
"323","N19909",4299498.976,8,"Fecal",2,"2",21.91691056,3.087258511,1.280917971,-0.606804518
"324","N19909",6388948.759,15,"Fecal",2,"2",21.91691056,3.087258511,1.280917971,0.606804518
"326","N19909",3064307.483,5,"Fecal",2,"2",21.91691056,3.087258511,1.280917971,-1.126922675
"330","N19909",6856699.761,17,"Fecal",2,"2",21.91691056,3.087258511,1.280917971,0.953549956
"331","N19909",1450799.522,2,"Fecal",2,"2",21.91691056,3.087258511,1.280917971,-1.647040833
"333","N19909",6136416.769,14,"Fecal",2,"2",21.91691056,3.087258511,1.280917971,0.433431798
"337","N20107",897632.4228,5,"Fecal",2,"2",17.84439113,2.881689236,0.96389769,-1.126922675
"338","N20107",1159598.26,11,"Fecal",2,"2",17.84439113,2.881689236,0.96389769,-0.08668636
"339","N20107",1311080.886,20,"Fecal",2,"2",17.84439113,2.881689236,0.96389769,1.473668114
"340","N20107",1061101.169,8,"Fecal",2,"2",17.84439113,2.881689236,0.96389769,-0.606804518
"341","N20107",575605.3461,2,"Fecal",2,"2",17.84439113,2.881689236,0.96389769,-1.647040833
"343","N20107",1244345.564,15,"Fecal",2,"2",17.84439113,2.881689236,0.96389769,0.606804518
"344","N20107",1226708.133,14,"Fecal",2,"2",17.84439113,2.881689236,0.96389769,0.433431798
"345","N20107",1274644.171,17,"Fecal",2,"2",17.84439113,2.881689236,0.96389769,0.953549956
"353","N20408",5380871.27,15,"Fecal",5,"1",10.50284333,2.351646014,0.146487345,0.606804518
"354","N20408",2569973.096,5,"Fecal",5,"1",10.50284333,2.351646014,0.146487345,-1.126922675
"355","N20408",3635034.044,8,"Fecal",5,"1",10.50284333,2.351646014,0.146487345,-0.606804518
"356","N20408",4483074.907,11,"Fecal",5,"1",10.50284333,2.351646014,0.146487345,-0.08668636
"358","N20408",5175826.488,14,"Fecal",5,"1",10.50284333,2.351646014,0.146487345,0.433431798
"359","N20408",6240220.44,20,"Fecal",5,"1",10.50284333,2.351646014,0.146487345,1.473668114
"360","N20408",1182541.43,2,"Fecal",5,"1",10.50284333,2.351646014,0.146487345,-1.647040833
"363","N20408",5752282.524,17,"Fecal",5,"1",10.50284333,2.351646014,0.146487345,0.953549956
"369","N20410",3462744.75,15,"Fecal",8,"2",6.728038005,1.906283571,-0.540331866,0.606804518
"370","N20410",1129103.41,2,"Fecal",8,"2",6.728038005,1.906283571,-0.540331866,-1.647040833
"371","N20410",3052575.56,11,"Fecal",8,"2",6.728038005,1.906283571,-0.540331866,-0.08668636
"372","N20410",2637682.403,8,"Fecal",8,"2",6.728038005,1.906283571,-0.540331866,-0.606804518
"375","N20410",3830000.299,20,"Fecal",8,"2",6.728038005,1.906283571,-0.540331866,1.473668114
"377","N20410",2054705.244,5,"Fecal",8,"2",6.728038005,1.906283571,-0.540331866,-1.126922675
"380","N20410",3623906.361,17,"Fecal",8,"2",6.728038005,1.906283571,-0.540331866,0.953549956
"382","N20410",3373011.653,14,"Fecal",8,"2",6.728038005,1.906283571,-0.540331866,0.433431798
"385","N20411",4673333.848,15,"Fecal",7,"1",8.701702164,2.163518658,-0.143634745,0.606804518
"386","N20411",3905367.716,11,"Fecal",7,"1",8.701702164,2.163518658,-0.143634745,-0.08668636
"388","N20411",3178891.213,8,"Fecal",7,"1",8.701702164,2.163518658,-0.143634745,-0.606804518
"390","N20411",5403296.131,20,"Fecal",7,"1",8.701702164,2.163518658,-0.143634745,1.473668114
"391","N20411",2263426.137,5,"Fecal",7,"1",8.701702164,2.163518658,-0.143634745,-1.126922675
"393","N20411",1045469.54,2,"Fecal",7,"1",8.701702164,2.163518658,-0.143634745,-1.647040833
"395","N20411",4988492.468,17,"Fecal",7,"1",8.701702164,2.163518658,-0.143634745,0.953549956
"398","N20411",4497075.98,14,"Fecal",7,"1",8.701702164,2.163518658,-0.143634745,0.433431798
"401","N21009",3037915.112,11,"Fecal",8,"2",7.44546552,2.007605192,-0.384077928,-0.08668636
"402","N21009",3565762.161,17,"Fecal",8,"2",7.44546552,2.007605192,-0.384077928,0.953549956
"403","N21009",2640348.724,8,"Fecal",8,"2",7.44546552,2.007605192,-0.384077928,-0.606804518
"404","N21009",3419452.617,15,"Fecal",8,"2",7.44546552,2.007605192,-0.384077928,0.606804518
"405","N21009",1129938.269,2,"Fecal",8,"2",7.44546552,2.007605192,-0.384077928,-1.647040833
"407","N21009",3754293.186,20,"Fecal",8,"2",7.44546552,2.007605192,-0.384077928,1.473668114
"408","N21009",3338278.929,14,"Fecal",8,"2",7.44546552,2.007605192,-0.384077928,0.433431798
"414","N21009",2060550.275,5,"Fecal",8,"2",7.44546552,2.007605192,-0.384077928,-1.126922675
"417","N21203",4872469.533,15,"Fecal",3,"1",15.20234157,2.721449467,0.716782663,0.606804518
"418","N21203",4702906.53,14,"Fecal",3,"1",15.20234157,2.721449467,0.716782663,0.433431798
"419","N21203",5185723.329,17,"Fecal",3,"1",15.20234157,2.721449467,0.716782663,0.953549956
"421","N21203",4119205.054,11,"Fecal",3,"1",15.20234157,2.721449467,0.716782663,-0.08668636
"422","N21203",5590636.655,20,"Fecal",3,"1",15.20234157,2.721449467,0.716782663,1.473668114
"423","N21203",1169570.961,2,"Fecal",3,"1",15.20234157,2.721449467,0.716782663,-1.647040833
"427","N21203",3392748.488,8,"Fecal",3,"1",15.20234157,2.721449467,0.716782663,-0.606804518
"428","N21203",2453623.42,5,"Fecal",3,"1",15.20234157,2.721449467,0.716782663,-1.126922675
"433","N21602",7163779.979,15,"Fecal",1,"1",22.65569938,3.120411449,1.332045037,0.606804518
"434","N21602",6829125.061,14,"Fecal",1,"1",22.65569938,3.120411449,1.332045037,0.433431798
"435","N21602",5746082.899,11,"Fecal",1,"1",22.65569938,3.120411449,1.332045037,-0.08668636
"436","N21602",4502823.438,8,"Fecal",1,"1",22.65569938,3.120411449,1.332045037,-0.606804518
"437","N21602",7786631.864,17,"Fecal",1,"1",22.65569938,3.120411449,1.332045037,0.953549956
"439","N21602",8643532.797,20,"Fecal",1,"1",22.65569938,3.120411449,1.332045037,1.473668114
"440","N21602",3056506.759,5,"Fecal",1,"1",22.65569938,3.120411449,1.332045037,-1.126922675
"441","N21602",1340343.458,2,"Fecal",1,"1",22.65569938,3.120411449,1.332045037,-1.647040833
"449","N21606",2708567.719,8,"Fecal",10,"2",5.079671684,1.62524663,-0.973735206,-0.606804518
"450","N21606",3936715.29,20,"Fecal",10,"2",5.079671684,1.62524663,-0.973735206,1.473668114
"451","N21606",2109499.384,5,"Fecal",10,"2",5.079671684,1.62524663,-0.973735206,-1.126922675
"453","N21606",3720791.244,17,"Fecal",10,"2",5.079671684,1.62524663,-0.973735206,0.953549956
"454","N21606",3460145.547,14,"Fecal",10,"2",5.079671684,1.62524663,-0.973735206,0.433431798
"456","N21606",1154538.125,2,"Fecal",10,"2",5.079671684,1.62524663,-0.973735206,-1.647040833
"460","N21606",3553412.922,15,"Fecal",10,"2",5.079671684,1.62524663,-0.973735206,0.606804518
"461","N21606",3133075.108,11,"Fecal",10,"2",5.079671684,1.62524663,-0.973735206,-0.08668636
"465","N21608",4722242.104,8,"Fecal",1,"1",28.15147878,3.337599885,1.666983901,-0.606804518
"466","N21608",3174776.984,5,"Fecal",1,"1",28.15147878,3.337599885,1.666983901,-1.126922675
"467","N21608",8329683.817,17,"Fecal",1,"1",28.15147878,3.337599885,1.666983901,0.953549956
"468","N21608",9291794.978,20,"Fecal",1,"1",28.15147878,3.337599885,1.666983901,1.473668114
"469","N21608",7263467.711,14,"Fecal",1,"1",28.15147878,3.337599885,1.666983901,0.433431798
"470","N21608",7633546.836,15,"Fecal",1,"1",28.15147878,3.337599885,1.666983901,0.606804518
"471","N21608",1376001.385,2,"Fecal",1,"1",28.15147878,3.337599885,1.666983901,-1.647040833
"472","N21608",6070341.707,11,"Fecal",1,"1",28.15147878,3.337599885,1.666983901,-0.08668636
"481","N21701",3348523.711,8,"Fecal",5,"1",10.50976151,2.352304493,0.147502823,-0.606804518
"482","N21701",4669226.132,14,"Fecal",5,"1",10.50976151,2.352304493,0.147502823,0.433431798
"483","N21701",2403218.938,5,"Fecal",5,"1",10.50976151,2.352304493,0.147502823,-1.126922675
"484","N21701",4082233.308,11,"Fecal",5,"1",10.50976151,2.352304493,0.147502823,-0.08668636
"485","N21701",5149196.399,17,"Fecal",5,"1",10.50976151,2.352304493,0.147502823,0.953549956
"486","N21701",5551407.268,20,"Fecal",5,"1",10.50976151,2.352304493,0.147502823,1.473668114
"488","N21701",1128497.475,2,"Fecal",5,"1",10.50976151,2.352304493,0.147502823,-1.647040833
"492","N21701",4840683.027,15,"Fecal",5,"1",10.50976151,2.352304493,0.147502823,0.606804518
"497","N21803",3619393.182,11,"Fecal",9,"1",5.529615795,1.710118337,-0.842849634,-0.08668636
"498","N21803",2185360.336,5,"Fecal",9,"1",5.529615795,1.710118337,-0.842849634,-1.126922675
"499","N21803",3002903.417,8,"Fecal",9,"1",5.529615795,1.710118337,-0.842849634,-0.606804518
"500","N21803",1038453.328,2,"Fecal",9,"1",5.529615795,1.710118337,-0.842849634,-1.647040833
"502","N21803",4103460.016,14,"Fecal",9,"1",5.529615795,1.710118337,-0.842849634,0.433431798
"503","N21803",4813900.48,20,"Fecal",9,"1",5.529615795,1.710118337,-0.842849634,1.473668114
"507","N21803",4243428.766,15,"Fecal",9,"1",5.529615795,1.710118337,-0.842849634,0.606804518
"508","N21803",4493219.849,17,"Fecal",9,"1",5.529615795,1.710118337,-0.842849634,0.953549956
"513","N22003",1077849.946,2,"Fecal",8,"2",6.747715571,1.909204014,-0.535828083,-1.647040833
"514","N22003",3140077.551,15,"Fecal",8,"2",6.747715571,1.909204014,-0.535828083,0.606804518
"515","N22003",2423288.444,8,"Fecal",8,"2",6.747715571,1.909204014,-0.535828083,-0.606804518
"516","N22003",3462782.676,20,"Fecal",8,"2",6.747715571,1.909204014,-0.535828083,1.473668114
"517","N22003",3281125.477,17,"Fecal",8,"2",6.747715571,1.909204014,-0.535828083,0.953549956
"519","N22003",1912212.391,5,"Fecal",8,"2",6.747715571,1.909204014,-0.535828083,-1.126922675
"522","N22003",2785670.965,11,"Fecal",8,"2",6.747715571,1.909204014,-0.535828083,-0.08668636
"523","N22003",3061835.914,14,"Fecal",8,"2",6.747715571,1.909204014,-0.535828083,0.433431798
"529","N22602",2898621.365,20,"Fecal",2,"2",21.47005179,3.066659024,1.24915031,1.473668114
"530","N22602",2056118.915,8,"Fecal",2,"2",21.47005179,3.066659024,1.24915031,-0.606804518
"531","N22602",1609635.389,5,"Fecal",2,"2",21.47005179,3.066659024,1.24915031,-1.126922675
"532","N22602",2760646.558,17,"Fecal",2,"2",21.47005179,3.066659024,1.24915031,0.953549956
"536","N22602",2649360.88,15,"Fecal",2,"2",21.47005179,3.066659024,1.24915031,0.606804518
"538","N22602",2586036.231,14,"Fecal",2,"2",21.47005179,3.066659024,1.24915031,0.433431798
"540","N22602",2359499.616,11,"Fecal",2,"2",21.47005179,3.066659024,1.24915031,-0.08668636
"541","N22602",899801.7194,2,"Fecal",2,"2",21.47005179,3.066659024,1.24915031,-1.647040833
"545","N26009",3735054.121,17,"Fecal",4,"2",14.96471038,2.705694788,0.69248646,0.953549956
"546","N26009",3968887.666,20,"Fecal",4,"2",14.96471038,2.705694788,0.69248646,1.473668114
"548","N26009",1105358.151,2,"Fecal",4,"2",14.96471038,2.705694788,0.69248646,-1.647040833
"549","N26009",2655290.648,8,"Fecal",4,"2",14.96471038,2.705694788,0.69248646,-0.606804518
"550","N26009",3553732.32,15,"Fecal",4,"2",14.96471038,2.705694788,0.69248646,0.606804518
"553","N26009",3453606.421,14,"Fecal",4,"2",14.96471038,2.705694788,0.69248646,0.433431798
"554","N26009",3103710.996,11,"Fecal",4,"2",14.96471038,2.705694788,0.69248646,-0.08668636
"558","N26009",2046072.453,5,"Fecal",4,"2",14.96471038,2.705694788,0.69248646,-1.126922675
"561","N27007",5226061.311,17,"Fecal",4,"2",13.36110862,2.592348145,0.517688039,0.953549956
"562","N27007",4925417.724,15,"Fecal",4,"2",13.36110862,2.592348145,0.517688039,0.606804518
"563","N27007",5623044.742,20,"Fecal",4,"2",13.36110862,2.592348145,0.517688039,1.473668114
"565","N27007",4758945.495,14,"Fecal",4,"2",13.36110862,2.592348145,0.517688039,0.433431798
"566","N27007",1309787.839,2,"Fecal",4,"2",13.36110862,2.592348145,0.517688039,-1.647040833
"567","N27007",4196411.14,11,"Fecal",4,"2",13.36110862,2.592348145,0.517688039,-0.08668636
"568","N27007",3501634.294,8,"Fecal",4,"2",13.36110862,2.592348145,0.517688039,-0.606804518
"573","N27007",2594528.921,5,"Fecal",4,"2",13.36110862,2.592348145,0.517688039,-1.126922675
"577","N27306",4496318.302,17,"Fecal",6,"2",9.528190678,2.254254844,-0.003705217,0.953549956
"578","N27306",4143447.886,14,"Fecal",6,"2",9.528190678,2.254254844,-0.003705217,0.433431798
"579","N27306",1247890.215,2,"Fecal",6,"2",9.528190678,2.254254844,-0.003705217,-1.647040833
"580","N27306",4269270.704,15,"Fecal",6,"2",9.528190678,2.254254844,-0.003705217,0.606804518
"582","N27306",3705286.492,11,"Fecal",6,"2",9.528190678,2.254254844,-0.003705217,-0.08668636
"585","N27306",4788697.722,20,"Fecal",6,"2",9.528190678,2.254254844,-0.003705217,1.473668114
"587","N27306",3146493.352,8,"Fecal",6,"2",9.528190678,2.254254844,-0.003705217,-0.606804518
"588","N27306",2385506.492,5,"Fecal",6,"2",9.528190678,2.254254844,-0.003705217,-1.126922675
"593","N27909",5462936.042,14,"Fecal",1,"1",26.33874233,3.271040948,1.564339509,0.433431798
"594","N27909",3849842.134,8,"Fecal",1,"1",26.33874233,3.271040948,1.564339509,-0.606804518
"595","N27909",6061343.462,17,"Fecal",1,"1",26.33874233,3.271040948,1.564339509,0.953549956
"596","N27909",1258884.791,2,"Fecal",1,"1",26.33874233,3.271040948,1.564339509,-1.647040833
"597","N27909",4742051.202,11,"Fecal",1,"1",26.33874233,3.271040948,1.564339509,-0.08668636
"598","N27909",5674750.181,15,"Fecal",1,"1",26.33874233,3.271040948,1.564339509,0.606804518
"599","N27909",6567697.468,20,"Fecal",1,"1",26.33874233,3.271040948,1.564339509,1.473668114
"604","N27909",2726198.079,5,"Fecal",1,"1",26.33874233,3.271040948,1.564339509,-1.126922675
"609","N28508",3064516.315,8,"Fecal",6,"2",9.299402378,2.229950138,-0.041186913,-0.606804518
"610","N28508",1230460.242,2,"Fecal",6,"2",9.299402378,2.229950138,-0.041186913,-1.647040833
"611","N28508",4021898.739,14,"Fecal",6,"2",9.299402378,2.229950138,-0.041186913,0.433431798
"612","N28508",4363023.108,17,"Fecal",6,"2",9.299402378,2.229950138,-0.041186913,0.953549956
"613","N28508",2334793.337,5,"Fecal",6,"2",9.299402378,2.229950138,-0.041186913,-1.126922675
"615","N28508",3599978.872,11,"Fecal",6,"2",9.299402378,2.229950138,-0.041186913,-0.08668636
"616","N28508",4143184.885,15,"Fecal",6,"2",9.299402378,2.229950138,-0.041186913,0.606804518
"619","N28508",4647017.048,20,"Fecal",6,"2",9.299402378,2.229950138,-0.041186913,1.473668114
"625","N28702",3686922.684,8,"Fecal",2,"2",17.56077944,2.865667974,0.939190374,-0.606804518
"626","N28702",5050679.096,14,"Fecal",2,"2",17.56077944,2.865667974,0.939190374,0.433431798
"627","N28702",5567459.654,17,"Fecal",2,"2",17.56077944,2.865667974,0.939190374,0.953549956
"628","N28702",2715455.751,5,"Fecal",2,"2",17.56077944,2.865667974,0.939190374,-1.126922675
"629","N28702",4436348.089,11,"Fecal",2,"2",17.56077944,2.865667974,0.939190374,-0.08668636
"631","N28702",1356211.953,2,"Fecal",2,"2",17.56077944,2.865667974,0.939190374,-1.647040833
"633","N28702",6010197.698,20,"Fecal",2,"2",17.56077944,2.865667974,0.939190374,1.473668114
"634","N28702",5232926.002,15,"Fecal",2,"2",17.56077944,2.865667974,0.939190374,0.606804518
"641","N29104",4832071.804,11,"Fecal",5,"1",11.00840052,2.398658665,0.218988276,-0.08668636
"642","N29104",1234819.999,2,"Fecal",5,"1",11.00840052,2.398658665,0.218988276,-1.647040833
"643","N29104",5842439.629,15,"Fecal",5,"1",11.00840052,2.398658665,0.218988276,0.606804518
"644","N29104",6826509.781,20,"Fecal",5,"1",11.00840052,2.398658665,0.218988276,1.473668114
"645","N29104",5612425.262,14,"Fecal",5,"1",11.00840052,2.398658665,0.218988276,0.433431798
"647","N29104",3888108.479,8,"Fecal",5,"1",11.00840052,2.398658665,0.218988276,-0.606804518
"651","N29104",2721009.659,5,"Fecal",5,"1",11.00840052,2.398658665,0.218988276,-1.126922675
"655","N29104",6267732.28,17,"Fecal",5,"1",11.00840052,2.398658665,0.218988276,0.953549956
"657","N29107",1250616.323,2,"Fecal",3,"1",15.55697751,2.744509252,0.752344494,-1.647040833
"658","N29107",5756389.074,14,"Fecal",3,"1",15.55697751,2.744509252,0.752344494,0.433431798
"659","N29107",4940161.608,11,"Fecal",3,"1",15.55697751,2.744509252,0.752344494,-0.08668636
"660","N29107",7044623.103,20,"Fecal",3,"1",15.55697751,2.744509252,0.752344494,1.473668114
"661","N29107",2763156.963,5,"Fecal",3,"1",15.55697751,2.744509252,0.752344494,-1.126922675
"662","N29107",6450210.701,17,"Fecal",3,"1",15.55697751,2.744509252,0.752344494,0.953549956
"663","N29107",3961234.175,8,"Fecal",3,"1",15.55697751,2.744509252,0.752344494,-0.606804518
"670","N29107",5997708.194,15,"Fecal",3,"1",15.55697751,2.744509252,0.752344494,0.606804518
"673","N30110",7617279.501,20,"Fecal",1,"1",25.92399598,3.255169025,1.539862499,1.473668114
"674","N30110",4220635.018,8,"Fecal",1,"1",25.92399598,3.255169025,1.539862499,-0.606804518
"676","N30110",6185602.886,14,"Fecal",1,"1",25.92399598,3.255169025,1.539862499,0.433431798
"677","N30110",6952110.459,17,"Fecal",1,"1",25.92399598,3.255169025,1.539862499,0.953549956
"678","N30110",2925247.877,5,"Fecal",1,"1",25.92399598,3.255169025,1.539862499,-1.126922675
"682","N30110",6456347.992,15,"Fecal",1,"1",25.92399598,3.255169025,1.539862499,0.606804518
"684","N30110",1313998.785,2,"Fecal",1,"1",25.92399598,3.255169025,1.539862499,-1.647040833
"685","N30110",5289005.517,11,"Fecal",1,"1",25.92399598,3.255169025,1.539862499,-0.08668636
"689","N31902",6574794.487,14,"Fecal",3,"1",17.08173105,2.838009533,0.89653669,0.433431798
"690","N31902",4343650.802,8,"Fecal",3,"1",17.08173105,2.838009533,0.89653669,-0.606804518
"691","N31902",2950699.663,5,"Fecal",3,"1",17.08173105,2.838009533,0.89653669,-1.126922675
"694","N31902",7485562.032,17,"Fecal",3,"1",17.08173105,2.838009533,0.89653669,0.953549956
"696","N31902",8292620.027,20,"Fecal",3,"1",17.08173105,2.838009533,0.89653669,1.473668114
"697","N31902",1293085.151,2,"Fecal",3,"1",17.08173105,2.838009533,0.89653669,-1.647040833
"698","N31902",6889262.381,15,"Fecal",3,"1",17.08173105,2.838009533,0.89653669,0.606804518
"702","N31902",5537486.561,11,"Fecal",3,"1",17.08173105,2.838009533,0.89653669,-0.08668636
"705","N31903",5014079.589,17,"Fecal",4,"2",13.56369491,2.607396731,0.540895335,0.953549956
"706","N31903",5369866.254,20,"Fecal",4,"2",13.56369491,2.607396731,0.540895335,1.473668114
"707","N31903",1289567.245,2,"Fecal",4,"2",13.56369491,2.607396731,0.540895335,-1.647040833
"708","N31903",4588493.494,14,"Fecal",4,"2",13.56369491,2.607396731,0.540895335,0.433431798
"709","N31903",4739609.857,15,"Fecal",4,"2",13.56369491,2.607396731,0.540895335,0.606804518
"711","N31903",4064875.652,11,"Fecal",4,"2",13.56369491,2.607396731,0.540895335,-0.08668636
"712","N31903",3409378.328,8,"Fecal",4,"2",13.56369491,2.607396731,0.540895335,-0.606804518
"717","N31903",2539906.943,5,"Fecal",4,"2",13.56369491,2.607396731,0.540895335,-1.126922675
"721","N31904",6007884.239,20,"Fecal",6,"2",10.31623533,2.3337189,0.118840904,1.473668114
"722","N31904",5544540.66,17,"Fecal",6,"2",10.31623533,2.3337189,0.118840904,0.953549956
"723","N31904",5195888.975,15,"Fecal",6,"2",10.31623533,2.3337189,0.118840904,0.606804518
"724","N31904",1302814.562,2,"Fecal",6,"2",10.31623533,2.3337189,0.118840904,-1.647040833
"726","N31904",5009142.447,14,"Fecal",6,"2",10.31623533,2.3337189,0.118840904,0.433431798
"727","N31904",3604780.522,8,"Fecal",6,"2",10.31623533,2.3337189,0.118840904,-0.606804518
"729","N31904",4373575.839,11,"Fecal",6,"2",10.31623533,2.3337189,0.118840904,-0.08668636
"730","N31904",2633743.168,5,"Fecal",6,"2",10.31623533,2.3337189,0.118840904,-1.126922675
"737","N31905",4877939.156,17,"Fecal",7,"1",8.918622071,2.188141458,-0.105662498,0.953549956
"738","N31905",5230997.05,20,"Fecal",7,"1",8.918622071,2.188141458,-0.105662498,1.473668114
"739","N31905",2360630.113,5,"Fecal",7,"1",8.918622071,2.188141458,-0.105662498,-1.126922675
"740","N31905",3247845.753,8,"Fecal",7,"1",8.918622071,2.188141458,-0.105662498,-0.606804518
"741","N31905",3921614.334,11,"Fecal",7,"1",8.918622071,2.188141458,-0.105662498,-0.08668636
"742","N31905",4604825.95,15,"Fecal",7,"1",8.918622071,2.188141458,-0.105662498,0.606804518
"743","N31905",4450522.625,14,"Fecal",7,"1",8.918622071,2.188141458,-0.105662498,0.433431798
"745","N31905",1126873.322,2,"Fecal",7,"1",8.918622071,2.188141458,-0.105662498,-1.647040833
"753","N31907",4818252.109,20,"Fecal",8,"2",6.331024273,1.845462036,-0.634128279,1.473668114
"754","N31907",4154210.379,14,"Fecal",8,"2",6.331024273,1.845462036,-0.634128279,0.433431798
"755","N31907",4283090.771,15,"Fecal",8,"2",6.331024273,1.845462036,-0.634128279,0.606804518
"756","N31907",2377080.05,5,"Fecal",8,"2",6.331024273,1.845462036,-0.634128279,-1.126922675
"758","N31907",3706849.801,11,"Fecal",8,"2",6.331024273,1.845462036,-0.634128279,-0.08668636
"759","N31907",1239540.887,2,"Fecal",8,"2",6.331024273,1.845462036,-0.634128279,-1.647040833
"760","N31907",4516229.489,17,"Fecal",8,"2",6.331024273,1.845462036,-0.634128279,0.953549956
"762","N31907",3141192.072,8,"Fecal",8,"2",6.331024273,1.845462036,-0.634128279,-0.606804518
"769","N31908",2519047.56,5,"Fecal",6,"2",9.408480919,2.241611508,-0.023203238,-1.126922675
"770","N31908",4498849.137,14,"Fecal",6,"2",9.408480919,2.241611508,-0.023203238,0.433431798
"771","N31908",1289955.93,2,"Fecal",6,"2",9.408480919,2.241611508,-0.023203238,-1.647040833
"772","N31908",4645159.076,15,"Fecal",6,"2",9.408480919,2.241611508,-0.023203238,0.606804518
"774","N31908",4909336.848,17,"Fecal",6,"2",9.408480919,2.241611508,-0.023203238,0.953549956
"778","N31908",5253972.709,20,"Fecal",6,"2",9.408480919,2.241611508,-0.023203238,1.473668114
"779","N31908",3363396.936,8,"Fecal",6,"2",9.408480919,2.241611508,-0.023203238,-0.606804518
"781","N31908",3995672.514,11,"Fecal",6,"2",9.408480919,2.241611508,-0.023203238,-0.08668636
"785","N32001",3121400.72,14,"Fecal",8,"2",7.139551369,1.965649941,-0.44877955,0.433431798
"786","N32001",3206139.716,15,"Fecal",8,"2",7.139551369,1.965649941,-0.44877955,0.606804518
"787","N32001",1905349.364,5,"Fecal",8,"2",7.139551369,1.965649941,-0.44877955,-1.126922675
"788","N32001",3555929.152,20,"Fecal",8,"2",7.139551369,1.965649941,-0.44877955,1.473668114
"789","N32001",1054468.206,2,"Fecal",8,"2",7.139551369,1.965649941,-0.44877955,-1.647040833
"791","N32001",2825041.78,11,"Fecal",8,"2",7.139551369,1.965649941,-0.44877955,-0.08668636
"792","N32001",2440026.777,8,"Fecal",8,"2",7.139551369,1.965649941,-0.44877955,-0.606804518
"793","N32001",3359520.557,17,"Fecal",8,"2",7.139551369,1.965649941,-0.44877955,0.953549956
"801","N32006",3798566.505,8,"Fecal",3,"1",16.48906698,2.802697554,0.842080043,-0.606804518
"802","N32006",4693106.84,11,"Fecal",3,"1",16.48906698,2.802697554,0.842080043,-0.08668636
"803","N32006",5644989.886,15,"Fecal",3,"1",16.48906698,2.802697554,0.842080043,0.606804518
"804","N32006",1229511.617,2,"Fecal",3,"1",16.48906698,2.802697554,0.842080043,-1.647040833
"805","N32006",6045250.731,17,"Fecal",3,"1",16.48906698,2.802697554,0.842080043,0.953549956
"806","N32006",5429270.392,14,"Fecal",3,"1",16.48906698,2.802697554,0.842080043,0.433431798
"807","N32006",2679344.165,5,"Fecal",3,"1",16.48906698,2.802697554,0.842080043,-1.126922675
"808","N32006",6566571.365,20,"Fecal",3,"1",16.48906698,2.802697554,0.842080043,1.473668114
"817","N32008",1713410.565,11,"Fecal",8,"2",8.044408044,2.084977197,-0.264758079,-0.08668636
"818","N32008",1264327.915,5,"Fecal",8,"2",8.044408044,2.084977197,-0.264758079,-1.126922675
"819","N32008",1990430.807,20,"Fecal",8,"2",8.044408044,2.084977197,-0.264758079,1.473668114
"820","N32008",1537667.252,8,"Fecal",8,"2",8.044408044,2.084977197,-0.264758079,-0.606804518
"821","N32008",1868277.662,15,"Fecal",8,"2",8.044408044,2.084977197,-0.264758079,0.606804518
"822","N32008",1836119.673,14,"Fecal",8,"2",8.044408044,2.084977197,-0.264758079,0.433431798
"824","N32008",1923917.033,17,"Fecal",8,"2",8.044408044,2.084977197,-0.264758079,0.953549956
"827","N32008",753766.2986,2,"Fecal",8,"2",8.044408044,2.084977197,-0.264758079,-1.647040833
"833","N32109",2613788.763,8,"Fecal",11,"2",2.784816611,1.024182022,-1.900671743,-0.606804518
"834","N32109",3352869.358,14,"Fecal",11,"2",2.784816611,1.024182022,-1.900671743,0.433431798
"835","N32109",2033409.836,5,"Fecal",11,"2",2.784816611,1.024182022,-1.900671743,-1.126922675
"837","N32109",3819393.077,20,"Fecal",11,"2",2.784816611,1.024182022,-1.900671743,1.473668114
"838","N32109",3443674.442,15,"Fecal",11,"2",2.784816611,1.024182022,-1.900671743,0.606804518
"841","N32109",3608185.943,17,"Fecal",11,"2",2.784816611,1.024182022,-1.900671743,0.953549956
"842","N32109",3032400.964,11,"Fecal",11,"2",2.784816611,1.024182022,-1.900671743,-0.08668636
"843","N32109",1111436.012,2,"Fecal",11,"2",2.784816611,1.024182022,-1.900671743,-1.647040833
"849","N32204",7229846.588,20,"Fecal",2,"2",18.10215745,2.896031127,0.986015151,1.473668114
"850","N32204",5933592.768,14,"Fecal",2,"2",18.10215745,2.896031127,0.986015151,0.433431798
"851","N32204",1416810.439,2,"Fecal",2,"2",18.10215745,2.896031127,0.986015151,-1.647040833
"852","N32204",6174444.434,15,"Fecal",2,"2",18.10215745,2.896031127,0.986015151,0.606804518
"854","N32204",6624396.875,17,"Fecal",2,"2",18.10215745,2.896031127,0.986015151,0.953549956
"856","N32204",5125871.788,11,"Fecal",2,"2",18.10215745,2.896031127,0.986015151,-0.08668636
"857","N32204",4166555.582,8,"Fecal",2,"2",18.10215745,2.896031127,0.986015151,-0.606804518
"859","N32204",2980154.987,5,"Fecal",2,"2",18.10215745,2.896031127,0.986015151,-1.126922675
"865","N32205",4770364.675,14,"Fecal",4,"2",13.50906446,2.603360902,0.534671449,0.433431798
"866","N32205",5616504.895,20,"Fecal",4,"2",13.50906446,2.603360902,0.534671449,1.473668114
"867","N32205",5227948.145,17,"Fecal",4,"2",13.50906446,2.603360902,0.534671449,0.953549956
"869","N32205",4931780.583,15,"Fecal",4,"2",13.50906446,2.603360902,0.534671449,0.606804518
"870","N32205",1313256.826,2,"Fecal",4,"2",13.50906446,2.603360902,0.534671449,-1.647040833
"871","N32205",3518072.712,8,"Fecal",4,"2",13.50906446,2.603360902,0.534671449,-0.606804518
"872","N32205",4211450.776,11,"Fecal",4,"2",13.50906446,2.603360902,0.534671449,-0.08668636
"878","N32205",2609890.058,5,"Fecal",4,"2",13.50906446,2.603360902,0.534671449,-1.126922675
"881","N32206",2434966.844,5,"Fecal",4,"2",13.47125087,2.60055785,0.5303487,-1.126922675
"882","N32206",3264039.626,8,"Fecal",4,"2",13.47125087,2.60055785,0.5303487,-0.606804518
"883","N32206",4794184.884,17,"Fecal",4,"2",13.47125087,2.60055785,0.5303487,0.953549956
"884","N32206",4534352.998,15,"Fecal",4,"2",13.47125087,2.60055785,0.5303487,0.606804518
"885","N32206",3894863.157,11,"Fecal",4,"2",13.47125087,2.60055785,0.5303487,-0.08668636
"886","N32206",5125633.763,20,"Fecal",4,"2",13.47125087,2.60055785,0.5303487,1.473668114
"887","N32206",4391492.448,14,"Fecal",4,"2",13.47125087,2.60055785,0.5303487,0.433431798
"895","N32206",1239611.144,2,"Fecal",4,"2",13.47125087,2.60055785,0.5303487,-1.647040833
"897","N32207",8926234.299,20,"Fecal",1,"1",31.86961826,3.46165315,1.858293624,1.473668114
"899","N32207",8021515.123,17,"Fecal",1,"1",31.86961826,3.46165315,1.858293624,0.953549956
"900","N32207",3070385.962,5,"Fecal",1,"1",31.86961826,3.46165315,1.858293624,-1.126922675
"901","N32207",7009358.404,14,"Fecal",1,"1",31.86961826,3.46165315,1.858293624,0.433431798
"902","N32207",4564590.36,8,"Fecal",1,"1",31.86961826,3.46165315,1.858293624,-0.606804518
"903","N32207",5865914.144,11,"Fecal",1,"1",31.86961826,3.46165315,1.858293624,-0.08668636
"904","N32207",1330289.75,2,"Fecal",1,"1",31.86961826,3.46165315,1.858293624,-1.647040833
"905","N32207",7358654.454,15,"Fecal",1,"1",31.86961826,3.46165315,1.858293624,0.606804518
"913","N32605",6493462.725,20,"Fecal",1,"1",23.87406805,3.172792851,1.412825431,1.473668114
"914","N32605",5599876.2,15,"Fecal",1,"1",23.87406805,3.172792851,1.412825431,0.606804518
"915","N32605",2675258.472,5,"Fecal",1,"1",23.87406805,3.172792851,1.412825431,-1.126922675
"916","N32605",3786268.835,8,"Fecal",1,"1",23.87406805,3.172792851,1.412825431,-0.606804518
"917","N32605",5390347.949,14,"Fecal",1,"1",23.87406805,3.172792851,1.412825431,0.433431798
"921","N32605",4670076.16,11,"Fecal",1,"1",23.87406805,3.172792851,1.412825431,-0.08668636
"922","N32605",1230501.258,2,"Fecal",1,"1",23.87406805,3.172792851,1.412825431,-1.647040833
"925","N32605",5989327.639,17,"Fecal",1,"1",23.87406805,3.172792851,1.412825431,0.953549956
"929","N32606",3325375.561,8,"Fecal",6,"2",9.484166333,2.249623706,-0.010847163,-0.606804518
"930","N32606",3948708.819,11,"Fecal",6,"2",9.484166333,2.249623706,-0.010847163,-0.08668636
"931","N32606",2495043.112,5,"Fecal",6,"2",9.484166333,2.249623706,-0.010847163,-1.126922675
"932","N32606",4445978.604,14,"Fecal",6,"2",9.484166333,2.249623706,-0.010847163,0.433431798
"933","N32606",5192944.687,20,"Fecal",6,"2",9.484166333,2.249623706,-0.010847163,1.473668114
"935","N32606",4851868.776,17,"Fecal",6,"2",9.484166333,2.249623706,-0.010847163,0.953549956
"936","N32606",1280643.209,2,"Fecal",6,"2",9.484166333,2.249623706,-0.010847163,-1.647040833
"938","N32606",4589960.59,15,"Fecal",6,"2",9.484166333,2.249623706,-0.010847163,0.606804518
"945","N33004",3326467.622,8,"Fecal",5,"1",10.32683706,2.334746047,0.120424926,-0.606804518
"946","N33004",4071722.361,11,"Fecal",5,"1",10.32683706,2.334746047,0.120424926,-0.08668636
"947","N33004",2369636.024,5,"Fecal",5,"1",10.32683706,2.334746047,0.120424926,-1.126922675
"948","N33004",5565315.292,20,"Fecal",5,"1",10.32683706,2.334746047,0.120424926,1.473668114
"949","N33004",5156619.834,17,"Fecal",5,"1",10.32683706,2.334746047,0.120424926,0.953549956
"950","N33004",4667788.669,14,"Fecal",5,"1",10.32683706,2.334746047,0.120424926,0.433431798
"951","N33004",1097607.279,2,"Fecal",5,"1",10.32683706,2.334746047,0.120424926,-1.647040833
"952","N33004",4839736.798,15,"Fecal",5,"1",10.32683706,2.334746047,0.120424926,0.606804518
"961","N33104",884763.8531,2,"Fecal",11,"2",3.165625806,1.152350763,-1.703015306,-1.647040833
"962","N33104",2576416.193,20,"Fecal",11,"2",3.165625806,1.152350763,-1.703015306,1.473668114
"963","N33104",1522851.361,5,"Fecal",11,"2",3.165625806,1.152350763,-1.703015306,-1.126922675
"964","N33104",1889471.076,8,"Fecal",11,"2",3.165625806,1.152350763,-1.703015306,-0.606804518
"965","N33104",2142640.46,11,"Fecal",11,"2",3.165625806,1.152350763,-1.703015306,-0.08668636
"966","N33104",2375523.43,15,"Fecal",11,"2",3.165625806,1.152350763,-1.703015306,0.606804518
"967","N33104",2324553.867,14,"Fecal",11,"2",3.165625806,1.152350763,-1.703015306,0.433431798
"971","N33104",2465156.596,17,"Fecal",11,"2",3.165625806,1.152350763,-1.703015306,0.953549956
"977","N34207",4499108.668,20,"Fecal",8,"2",7.440108308,2.006885406,-0.385187951,1.473668114
"978","N34207",4016973.634,15,"Fecal",8,"2",7.440108308,2.006885406,-0.385187951,0.606804518
"979","N34207",3901469.018,14,"Fecal",8,"2",7.440108308,2.006885406,-0.385187951,0.433431798
"981","N34207",1210950.379,2,"Fecal",8,"2",7.440108308,2.006885406,-0.385187951,-1.647040833
"984","N34207",2986615.241,8,"Fecal",8,"2",7.440108308,2.006885406,-0.385187951,-0.606804518
"985","N34207",2283885.785,5,"Fecal",8,"2",7.440108308,2.006885406,-0.385187951,-1.126922675
"986","N34207",3500067.181,11,"Fecal",8,"2",7.440108308,2.006885406,-0.385187951,-0.08668636
"988","N34207",4226651.32,17,"Fecal",8,"2",7.440108308,2.006885406,-0.385187951,0.953549956
"993","N34404",5230926.683,15,"Fecal",7,"1",8.628268231,2.155043816,-0.156704288,0.606804518
"994","N34404",5031043.122,14,"Fecal",7,"1",8.628268231,2.155043816,-0.156704288,0.433431798
"995","N34404",1157530.252,2,"Fecal",7,"1",8.628268231,2.155043816,-0.156704288,-1.647040833
"996","N34404",6062288.955,20,"Fecal",7,"1",8.628268231,2.155043816,-0.156704288,1.473668114
"997","N34404",4360708.643,11,"Fecal",7,"1",8.628268231,2.155043816,-0.156704288,-0.08668636
"998","N34404",2507663.241,5,"Fecal",7,"1",8.628268231,2.155043816,-0.156704288,-1.126922675
"1000","N34404",3539910.092,8,"Fecal",7,"1",8.628268231,2.155043816,-0.156704288,-0.606804518
"1004","N34404",5589786.636,17,"Fecal",7,"1",8.628268231,2.155043816,-0.156704288,0.953549956
"1009","N34406",5405878.954,17,"Fecal",7,"1",8.193443851,2.103334304,-0.236448521,0.953549956
"1010","N34406",5051640.682,15,"Fecal",7,"1",8.193443851,2.103334304,-0.236448521,0.606804518
"1011","N34406",4862927.603,14,"Fecal",7,"1",8.193443851,2.103334304,-0.236448521,0.433431798
"1012","N34406",5868352.305,20,"Fecal",7,"1",8.193443851,2.103334304,-0.236448521,1.473668114
"1013","N34406",1117713.064,2,"Fecal",7,"1",8.193443851,2.103334304,-0.236448521,-1.647040833
"1014","N34406",4212713.17,11,"Fecal",7,"1",8.193443851,2.103334304,-0.236448521,-0.08668636
"1015","N34406",3418989.807,8,"Fecal",7,"1",8.193443851,2.103334304,-0.236448521,-0.606804518
"1017","N34406",2422010.394,5,"Fecal",7,"1",8.193443851,2.103334304,-0.236448521,-1.126922675
"1025","N34606",2228306.083,5,"Fecal",10,"2",5.08936623,1.62715331,-0.970794805,-1.126922675
"1026","N34606",4122528.456,17,"Fecal",10,"2",5.08936623,1.62715331,-0.970794805,0.953549956
"1027","N34606",3411114.833,11,"Fecal",10,"2",5.08936623,1.62715331,-0.970794805,-0.08668636
"1028","N34606",2910075.624,8,"Fecal",10,"2",5.08936623,1.62715331,-0.970794805,-0.606804518
"1029","N34606",3917575.163,15,"Fecal",10,"2",5.08936623,1.62715331,-0.970794805,0.606804518
"1030","N34606",3805055.293,14,"Fecal",10,"2",5.08936623,1.62715331,-0.970794805,0.433431798
"1033","N34606",1188254.867,2,"Fecal",10,"2",5.08936623,1.62715331,-0.970794805,-1.647040833
"1036","N34606",4388517.22,20,"Fecal",10,"2",5.08936623,1.62715331,-0.970794805,1.473668114
"1041","N34903",4237765.332,8,"Fecal",3,"1",16.86632061,2.82531877,0.87696553,-0.606804518
"1042","N34903",7147285.083,17,"Fecal",3,"1",16.86632061,2.82531877,0.87696553,0.953549956
"1043","N34903",5359320.075,11,"Fecal",3,"1",16.86632061,2.82531877,0.87696553,-0.08668636
"1045","N34903",2904767.971,5,"Fecal",3,"1",16.86632061,2.82531877,0.87696553,-1.126922675
"1046","N34903",6604915.181,15,"Fecal",3,"1",16.86632061,2.82531877,0.87696553,0.606804518
"1047","N34903",6317844.668,14,"Fecal",3,"1",16.86632061,2.82531877,0.87696553,0.433431798
"1048","N34903",1286384.903,2,"Fecal",3,"1",16.86632061,2.82531877,0.87696553,-1.647040833
"1051","N34903",7870457.016,20,"Fecal",3,"1",16.86632061,2.82531877,0.87696553,1.473668114
"1057","N34904",3788252.538,14,"Fecal",9,"1",8,2.079441542,-0.273294934,0.433431798
"1058","N34904",4144609.375,17,"Fecal",9,"1",8,2.079441542,-0.273294934,0.953549956
"1060","N34904",4435296.255,20,"Fecal",9,"1",8,2.079441542,-0.273294934,1.473668114
"1061","N34904",2777225.985,8,"Fecal",9,"1",8,2.079441542,-0.273294934,-0.606804518
"1062","N34904",975840.7646,2,"Fecal",9,"1",8,2.079441542,-0.273294934,-1.647040833
"1066","N34904",2031597.887,5,"Fecal",9,"1",8,2.079441542,-0.273294934,-1.126922675
"1068","N34904",3343328.654,11,"Fecal",9,"1",8,2.079441542,-0.273294934,-0.08668636
"1069","N34904",3914610.14,15,"Fecal",9,"1",8,2.079441542,-0.273294934,0.606804518
"1073","N35003",3831478.135,8,"Fecal",5,"1",10.72047764,2.372155711,0.178116536,-0.606804518
"1074","N35003",5569456.577,14,"Fecal",5,"1",10.72047764,2.372155711,0.178116536,0.433431798
"1075","N35003",6816297.944,20,"Fecal",5,"1",10.72047764,2.372155711,0.178116536,1.473668114
"1078","N35003",6239774.421,17,"Fecal",5,"1",10.72047764,2.372155711,0.178116536,0.953549956
"1080","N35003",4778991.847,11,"Fecal",5,"1",10.72047764,2.372155711,0.178116536,-0.08668636
"1081","N35003",2671128.785,5,"Fecal",5,"1",10.72047764,2.372155711,0.178116536,-1.126922675
"1082","N35003",1207301.225,2,"Fecal",5,"1",10.72047764,2.372155711,0.178116536,-1.647040833
"1086","N35003",5805900.709,15,"Fecal",5,"1",10.72047764,2.372155711,0.178116536,0.606804518
"1089","N35006",6075295.924,11,"Fecal",1,"1",30.02430614,3.402007258,1.766310241,-0.08668636
"1090","N35006",4691036.155,8,"Fecal",1,"1",30.02430614,3.402007258,1.766310241,-0.606804518
"1092","N35006",7310387.009,14,"Fecal",1,"1",30.02430614,3.402007258,1.766310241,0.433431798
"1093","N35006",3128814.784,5,"Fecal",1,"1",30.02430614,3.402007258,1.766310241,-1.126922675
"1094","N35006",1343116.069,2,"Fecal",1,"1",30.02430614,3.402007258,1.766310241,-1.647040833
"1095","N35006",9429598.494,20,"Fecal",1,"1",30.02430614,3.402007258,1.766310241,1.473668114
"1096","N35006",8421658.943,17,"Fecal",1,"1",30.02430614,3.402007258,1.766310241,0.953549956
"1097","N35006",7692741.667,15,"Fecal",1,"1",30.02430614,3.402007258,1.766310241,0.606804518
"1105","N35208",2730286.091,5,"Fecal",2,"2",18.81838844,2.9348345,1.045856079,-1.126922675
"1107","N35208",5677730.701,17,"Fecal",2,"2",18.81838844,2.9348345,1.045856079,0.953549956
"1108","N35208",3729755.226,8,"Fecal",2,"2",18.81838844,2.9348345,1.045856079,-0.606804518
"1109","N35208",4506375.965,11,"Fecal",2,"2",18.81838844,2.9348345,1.045856079,-0.08668636
"1111","N35208",5332255.749,15,"Fecal",2,"2",18.81838844,2.9348345,1.045856079,0.606804518
"1112","N35208",5143605.635,14,"Fecal",2,"2",18.81838844,2.9348345,1.045856079,0.433431798
"1113","N35208",1352607.612,2,"Fecal",2,"2",18.81838844,2.9348345,1.045856079,-1.647040833
"1115","N35208",6134670.891,20,"Fecal",2,"2",18.81838844,2.9348345,1.045856079,1.473668114
"1121","N35508",3832507.86,15,"Fecal",10,"2",4.46704341,1.49672676,-1.17193314,0.606804518
"1122","N35508",3357432.603,11,"Fecal",10,"2",4.46704341,1.49672676,-1.17193314,-0.08668636
"1123","N35508",3727421.323,14,"Fecal",10,"2",4.46704341,1.49672676,-1.17193314,0.433431798
"1124","N35508",1187912.952,2,"Fecal",10,"2",4.46704341,1.49672676,-1.17193314,-1.647040833
"1125","N35508",4266540.071,20,"Fecal",10,"2",4.46704341,1.49672676,-1.17193314,1.473668114
"1126","N35508",2880857.576,8,"Fecal",10,"2",4.46704341,1.49672676,-1.17193314,-0.606804518
"1129","N35508",4022702.639,17,"Fecal",10,"2",4.46704341,1.49672676,-1.17193314,0.953549956
"1131","N35508",2219126.956,5,"Fecal",10,"2",4.46704341,1.49672676,-1.17193314,-1.126922675
"1137","N35908",4210835.374,14,"Fecal",4,"2",14.07447811,2.644363094,0.597903304,0.433431798
"1138","N35908",4344034.537,15,"Fecal",4,"2",14.07447811,2.644363094,0.597903304,0.606804518
"1139","N35908",3152125.705,8,"Fecal",4,"2",14.07447811,2.644363094,0.597903304,-0.606804518
"1140","N35908",4899764.404,20,"Fecal",4,"2",14.07447811,2.644363094,0.597903304,1.473668114
"1141","N35908",1216879.109,2,"Fecal",4,"2",14.07447811,2.644363094,0.597903304,-1.647040833
"1143","N35908",3743682.158,11,"Fecal",4,"2",14.07447811,2.644363094,0.597903304,-0.08668636
"1144","N35908",2363043.133,5,"Fecal",4,"2",14.07447811,2.644363094,0.597903304,-1.126922675
"1147","N35908",4586878.474,17,"Fecal",4,"2",14.07447811,2.644363094,0.597903304,0.953549956
"1153","N36409",4975746.394,17,"Fecal",11,"2",2.586362719,0.950252533,-2.014682689,0.953549956
"1154","N36409",3371904.928,8,"Fecal",11,"2",2.586362719,0.950252533,-2.014682689,-0.606804518
"1155","N36409",4545411.163,14,"Fecal",11,"2",2.586362719,0.950252533,-2.014682689,0.433431798
"1156","N36409",4697074.078,15,"Fecal",11,"2",2.586362719,0.950252533,-2.014682689,0.606804518
"1158","N36409",1270625.5,2,"Fecal",11,"2",2.586362719,0.950252533,-2.014682689,-1.647040833
"1159","N36409",4025039.55,11,"Fecal",11,"2",2.586362719,0.950252533,-2.014682689,-0.08668636
"1160","N36409",5338342.609,20,"Fecal",11,"2",2.586362719,0.950252533,-2.014682689,1.473668114
"1161","N36409",2514774.123,5,"Fecal",11,"2",2.586362719,0.950252533,-2.014682689,-1.126922675
"1169","N37405",4651696.685,17,"Fecal",5,"1",11.13324047,2.40993527,0.236378582,0.953549956
"1170","N37405",3016097.99,8,"Fecal",5,"1",11.13324047,2.40993527,0.236378582,-0.606804518
"1171","N37405",1037917.354,2,"Fecal",5,"1",11.13324047,2.40993527,0.236378582,-1.647040833
"1172","N37405",4363621.11,15,"Fecal",5,"1",11.13324047,2.40993527,0.236378582,0.606804518
"1175","N37405",2175045.468,5,"Fecal",5,"1",11.13324047,2.40993527,0.236378582,-1.126922675
"1177","N37405",5024529.349,20,"Fecal",5,"1",11.13324047,2.40993527,0.236378582,1.473668114
"1178","N37405",4207103.88,14,"Fecal",5,"1",11.13324047,2.40993527,0.236378582,0.433431798
"1180","N37405",3672896.635,11,"Fecal",5,"1",11.13324047,2.40993527,0.236378582,-0.08668636
"1185","N37807",3271702.148,15,"Fecal",6,"2",10.31937779,2.334023467,0.119310594,0.606804518
"1186","N37807",3432285.966,17,"Fecal",6,"2",10.31937779,2.334023467,0.119310594,0.953549956
"1187","N37807",2461363.217,8,"Fecal",6,"2",10.31937779,2.334023467,0.119310594,-0.606804518
"1189","N37807",3182533.294,14,"Fecal",6,"2",10.31937779,2.334023467,0.119310594,0.433431798
"1190","N37807",3634304.492,20,"Fecal",6,"2",10.31937779,2.334023467,0.119310594,1.473668114
"1191","N37807",1030259.466,2,"Fecal",6,"2",10.31937779,2.334023467,0.119310594,-1.647040833
"1192","N37807",2870216.76,11,"Fecal",6,"2",10.31937779,2.334023467,0.119310594,-0.08668636
"1197","N37807",1901575.127,5,"Fecal",6,"2",10.31937779,2.334023467,0.119310594,-1.126922675
"1201","N37909",7115850.822,17,"Fecal",3,"1",17.46518746,2.860209612,0.930772717,0.953549956
"1202","N37909",6298770.021,14,"Fecal",3,"1",17.46518746,2.860209612,0.930772717,0.433431798
"1204","N37909",4235228.265,8,"Fecal",3,"1",17.46518746,2.860209612,0.930772717,-0.606804518
"1205","N37909",5349165.722,11,"Fecal",3,"1",17.46518746,2.860209612,0.930772717,-0.08668636
"1206","N37909",7830291.239,20,"Fecal",3,"1",17.46518746,2.860209612,0.930772717,1.473668114
"1209","N37909",6581630.229,15,"Fecal",3,"1",17.46518746,2.860209612,0.930772717,0.606804518
"1210","N37909",1291738.548,2,"Fecal",3,"1",17.46518746,2.860209612,0.930772717,-1.647040833
"1214","N37909",2908586.79,5,"Fecal",3,"1",17.46518746,2.860209612,0.930772717,-1.126922675
"1217","N38406",4498027.988,14,"Fecal",4,"2",14.67276776,2.685993242,0.662103566,0.433431798
"1218","N38406",5240370.043,20,"Fecal",4,"2",14.67276776,2.685993242,0.662103566,1.473668114
"1219","N38406",3997970.16,11,"Fecal",4,"2",14.67276776,2.685993242,0.662103566,-0.08668636
"1222","N38406",3369381.359,8,"Fecal",4,"2",14.67276776,2.685993242,0.662103566,-0.606804518
"1224","N38406",4643196.529,15,"Fecal",4,"2",14.67276776,2.685993242,0.662103566,0.606804518
"1226","N38406",2523544.014,5,"Fecal",4,"2",14.67276776,2.685993242,0.662103566,-1.126922675
"1227","N38406",4903587.412,17,"Fecal",4,"2",14.67276776,2.685993242,0.662103566,0.953549956
"1228","N38406",1294385.654,2,"Fecal",4,"2",14.67276776,2.685993242,0.662103566,-1.647040833
"1233","N38502",1105584.297,2,"Fecal",7,"1",9.206251327,2.219882745,-0.056712421,-1.647040833
"1234","N38502",5094558.979,20,"Fecal",7,"1",9.206251327,2.219882745,-0.056712421,1.473668114
"1235","N38502",3834640.154,11,"Fecal",7,"1",9.206251327,2.219882745,-0.056712421,-0.08668636
"1236","N38502",4345385.568,14,"Fecal",7,"1",9.206251327,2.219882745,-0.056712421,0.433431798
"1237","N38502",2316091.254,5,"Fecal",7,"1",9.206251327,2.219882745,-0.056712421,-1.126922675
"1240","N38502",4756873.343,17,"Fecal",7,"1",9.206251327,2.219882745,-0.056712421,0.953549956
"1241","N38502",3181826.606,8,"Fecal",7,"1",9.206251327,2.219882745,-0.056712421,-0.606804518
"1243","N38502",4492373.473,15,"Fecal",7,"1",9.206251327,2.219882745,-0.056712421,0.606804518
"1249","N38602",3883468.992,15,"Fecal",9,"1",6.078540981,1.804764697,-0.696890001,0.606804518
"1250","N38602",2074539.183,5,"Fecal",9,"1",6.078540981,1.804764697,-0.696890001,-1.126922675
"1251","N38602",4372036.686,20,"Fecal",9,"1",6.078540981,1.804764697,-0.696890001,1.473668114
"1252","N38602",2808853.819,8,"Fecal",9,"1",6.078540981,1.804764697,-0.696890001,-0.606804518
"1255","N38602",3346499.716,11,"Fecal",9,"1",6.078540981,1.804764697,-0.696890001,-0.08668636
"1256","N38602",1012691.207,2,"Fecal",9,"1",6.078540981,1.804764697,-0.696890001,-1.647040833
"1257","N38602",4098412.601,17,"Fecal",9,"1",6.078540981,1.804764697,-0.696890001,0.953549956
"1260","N38602",3763983.346,14,"Fecal",9,"1",6.078540981,1.804764697,-0.696890001,0.433431798
"1265","N38701",5192421.705,15,"Fecal",7,"1",9.140450842,2.212709711,-0.067774374,0.606804518
"1266","N38701",3519377.902,8,"Fecal",7,"1",9.140450842,2.212709711,-0.067774374,-0.606804518
"1267","N38701",5548636.566,17,"Fecal",7,"1",9.140450842,2.212709711,-0.067774374,0.953549956
"1268","N38701",2491376.013,5,"Fecal",7,"1",9.140450842,2.212709711,-0.067774374,-1.126922675
"1270","N38701",1147126.653,2,"Fecal",7,"1",9.140450842,2.212709711,-0.067774374,-1.647040833
"1271","N38701",6013249.813,20,"Fecal",7,"1",9.140450842,2.212709711,-0.067774374,1.473668114
"1272","N38701",4334171.031,11,"Fecal",7,"1",9.140450842,2.212709711,-0.067774374,-0.08668636
"1274","N38701",4997224.758,14,"Fecal",7,"1",9.140450842,2.212709711,-0.067774374,0.433431798
"1281","N40306",7489535.847,15,"Fecal",3,"1",15.88762706,2.765540634,0.784778205,0.606804518
"1282","N40306",4581015.513,8,"Fecal",3,"1",15.88762706,2.765540634,0.784778205,-0.606804518
"1283","N40306",7121143.429,14,"Fecal",3,"1",15.88762706,2.765540634,0.784778205,0.433431798
"1284","N40306",8194329.211,17,"Fecal",3,"1",15.88762706,2.765540634,0.784778205,0.953549956
"1285","N40306",5924606.771,11,"Fecal",3,"1",15.88762706,2.765540634,0.784778205,-0.08668636
"1286","N40306",1314276.458,2,"Fecal",3,"1",15.88762706,2.765540634,0.784778205,-1.647040833
"1287","N40306",3058891.105,5,"Fecal",3,"1",15.88762706,2.765540634,0.784778205,-1.126922675
"1288","N40306",9159725.602,20,"Fecal",3,"1",15.88762706,2.765540634,0.784778205,1.473668114
"1297","N40307",4595289.071,17,"Fecal",10,"2",4.931792998,1.595702613,-1.019296746,0.953549956
"1298","N40307",4224256.322,14,"Fecal",10,"2",4.931792998,1.595702613,-1.019296746,0.433431798
"1299","N40307",3183225.026,8,"Fecal",10,"2",4.931792998,1.595702613,-1.019296746,-0.606804518
"1302","N40307",2403607.078,5,"Fecal",10,"2",4.931792998,1.595702613,-1.019296746,-1.126922675
"1303","N40307",3764765.342,11,"Fecal",10,"2",4.931792998,1.595702613,-1.019296746,-0.08668636
"1304","N40307",4908496.055,20,"Fecal",10,"2",4.931792998,1.595702613,-1.019296746,1.473668114
"1306","N40307",1246591.316,2,"Fecal",10,"2",4.931792998,1.595702613,-1.019296746,-1.647040833
"1309","N40307",4355242.805,15,"Fecal",10,"2",4.931792998,1.595702613,-1.019296746,0.606804518
"1313","N40308",4448524.775,20,"Fecal",10,"2",5.280513606,1.664023367,-0.913935356,1.473668114
"1314","N40308",2215304.599,5,"Fecal",10,"2",5.280513606,1.664023367,-0.913935356,-1.126922675
"1315","N40308",3836888.04,14,"Fecal",10,"2",5.280513606,1.664023367,-0.913935356,0.433431798
"1316","N40308",4168640.161,17,"Fecal",10,"2",5.280513606,1.664023367,-0.913935356,0.953549956
"1317","N40308",1174746.134,2,"Fecal",10,"2",5.280513606,1.664023367,-0.913935356,-1.647040833
"1318","N40308",3954680.714,15,"Fecal",10,"2",5.280513606,1.664023367,-0.913935356,0.606804518
"1319","N40308",3426815.315,11,"Fecal",10,"2",5.280513606,1.664023367,-0.913935356,-0.08668636
"1323","N40308",2910284.592,8,"Fecal",10,"2",5.280513606,1.664023367,-0.913935356,-0.606804518
"1329","N40606",700355.764,2,"Fecal",11,"2",3.600003315,1.280934766,-1.504718469,-1.647040833
"1330","N40606",1172115.073,5,"Fecal",11,"2",3.600003315,1.280934766,-1.504718469,-1.126922675
"1331","N40606",1834383.346,17,"Fecal",11,"2",3.600003315,1.280934766,-1.504718469,0.953549956
"1332","N40606",1773668.401,15,"Fecal",11,"2",3.600003315,1.280934766,-1.504718469,0.606804518
"1335","N40606",1739051.116,14,"Fecal",11,"2",3.600003315,1.280934766,-1.504718469,0.433431798
"1336","N40606",1908626.817,20,"Fecal",11,"2",3.600003315,1.280934766,-1.504718469,1.473668114
"1337","N40606",1615683.642,11,"Fecal",11,"2",3.600003315,1.280934766,-1.504718469,-0.08668636
"1341","N40606",1437445.22,8,"Fecal",11,"2",3.600003315,1.280934766,-1.504718469,-0.606804518
"1345","N40702",965771.7226,2,"Fecal",9,"1",5.393000839,1.685101972,-0.881428818,-1.647040833
"1346","N40702",3947369.089,17,"Fecal",9,"1",5.393000839,1.685101972,-0.881428818,0.953549956
"1348","N40702",3625297.24,14,"Fecal",9,"1",5.393000839,1.685101972,-0.881428818,0.433431798
"1349","N40702",3741385.707,15,"Fecal",9,"1",5.393000839,1.685101972,-0.881428818,0.606804518
"1350","N40702",4210169.779,20,"Fecal",9,"1",5.393000839,1.685101972,-0.881428818,1.473668114
"1351","N40702",1985670.313,5,"Fecal",9,"1",5.393000839,1.685101972,-0.881428818,-1.126922675
"1352","N40702",3218768.655,11,"Fecal",9,"1",5.393000839,1.685101972,-0.881428818,-0.08668636
"1355","N40702",2691788.632,8,"Fecal",9,"1",5.393000839,1.685101972,-0.881428818,-0.606804518
"1361","N40703",4302325.331,11,"Fecal",8,"2",6.896452103,1.931007091,-0.502204295,-0.08668636
"1362","N40703",5786089.974,20,"Fecal",8,"2",6.896452103,1.931007091,-0.502204295,1.473668114
"1364","N40703",1314306.664,2,"Fecal",8,"2",6.896452103,1.931007091,-0.502204295,-1.647040833
"1365","N40703",2640556.247,5,"Fecal",8,"2",6.896452103,1.931007091,-0.502204295,-1.126922675
"1367","N40703",5372338.76,17,"Fecal",8,"2",6.896452103,1.931007091,-0.502204295,0.953549956
"1369","N40703",3578127.709,8,"Fecal",8,"2",6.896452103,1.931007091,-0.502204295,-0.606804518
"1372","N40703",5057758.226,15,"Fecal",8,"2",6.896452103,1.931007091,-0.502204295,0.606804518
"1374","N40703",4887032.164,14,"Fecal",8,"2",6.896452103,1.931007091,-0.502204295,0.433431798
"1377","N40804",3351583.11,11,"Fecal",8,"2",7.02477626,1.949443366,-0.473772649,-0.08668636
"1378","N40804",2162863.13,5,"Fecal",8,"2",7.02477626,1.949443366,-0.473772649,-1.126922675
"1380","N40804",4357096.578,20,"Fecal",8,"2",7.02477626,1.949443366,-0.473772649,1.473668114
"1382","N40804",4080962.044,17,"Fecal",8,"2",7.02477626,1.949443366,-0.473772649,0.953549956
"1383","N40804",2841357.594,8,"Fecal",8,"2",7.02477626,1.949443366,-0.473772649,-0.606804518
"1385","N40804",1136541.438,2,"Fecal",8,"2",7.02477626,1.949443366,-0.473772649,-1.647040833
"1387","N40804",3868081.116,15,"Fecal",8,"2",7.02477626,1.949443366,-0.473772649,0.606804518
"1388","N40804",3751599.857,14,"Fecal",8,"2",7.02477626,1.949443366,-0.473772649,0.433431798
"1393","N40901",5702656.347,11,"Fecal",3,"1",16.84941302,2.824315821,0.875418823,-0.08668636
"1394","N40901",7162532.404,15,"Fecal",3,"1",16.84941302,2.824315821,0.875418823,0.606804518
"1395","N40901",2980827.031,5,"Fecal",3,"1",16.84941302,2.824315821,0.875418823,-1.126922675
"1396","N40901",8702783.208,20,"Fecal",3,"1",16.84941302,2.824315821,0.875418823,1.473668114
"1397","N40901",6819724.045,14,"Fecal",3,"1",16.84941302,2.824315821,0.875418823,0.433431798
"1399","N40901",4434498.786,8,"Fecal",3,"1",16.84941302,2.824315821,0.875418823,-0.606804518
"1400","N40901",1290369.423,2,"Fecal",3,"1",16.84941302,2.824315821,0.875418823,-1.647040833
"1404","N40901",7813157.597,17,"Fecal",3,"1",16.84941302,2.824315821,0.875418823,0.953549956
"1409","N41205",1111150.2,2,"Fecal",6,"2",9.286218063,2.228531372,-0.043374873,-1.647040833
"1410","N41205",3181987.823,11,"Fecal",6,"2",9.286218063,2.228531372,-0.043374873,-0.08668636
"1411","N41205",2713238.136,8,"Fecal",6,"2",9.286218063,2.228531372,-0.043374873,-0.606804518
"1412","N41205",2078907.474,5,"Fecal",6,"2",9.286218063,2.228531372,-0.043374873,-1.126922675
"1413","N41205",4082280.321,20,"Fecal",6,"2",9.286218063,2.228531372,-0.043374873,1.473668114
"1414","N41205",3839725.242,17,"Fecal",6,"2",9.286218063,2.228531372,-0.043374873,0.953549956
"1415","N41205",3651185.019,15,"Fecal",6,"2",9.286218063,2.228531372,-0.043374873,0.606804518
"1419","N41205",3546482.081,14,"Fecal",6,"2",9.286218063,2.228531372,-0.043374873,0.433431798
"1425","N41207",5947909.186,11,"Fecal",1,"1",37.36310787,3.620683797,2.103543993,-0.08668636
"1426","N41207",7524488.202,15,"Fecal",1,"1",37.36310787,3.620683797,2.103543993,0.606804518
"1427","N41207",3067574.224,5,"Fecal",1,"1",37.36310787,3.620683797,2.103543993,-1.126922675
"1429","N41207",9211979.214,20,"Fecal",1,"1",37.36310787,3.620683797,2.103543993,1.473668114
"1432","N41207",8235523.143,17,"Fecal",1,"1",37.36310787,3.620683797,2.103543993,0.953549956
"1433","N41207",1316656.88,2,"Fecal",1,"1",37.36310787,3.620683797,2.103543993,-1.647040833
"1434","N41207",7152891.571,14,"Fecal",1,"1",37.36310787,3.620683797,2.103543993,0.433431798
"1436","N41207",4596500.008,8,"Fecal",1,"1",37.36310787,3.620683797,2.103543993,-0.606804518
"1441","N41301",6516296.253,15,"Fecal",5,"1",10.35890565,2.337846599,0.125206468,0.606804518
"1442","N41301",2778182.746,5,"Fecal",5,"1",10.35890565,2.337846599,0.125206468,-1.126922675
"1443","N41301",5229427.764,11,"Fecal",5,"1",10.35890565,2.337846599,0.125206468,-0.08668636
"1444","N41301",7078267.765,17,"Fecal",5,"1",10.35890565,2.337846599,0.125206468,0.953549956
"1446","N41301",7842967.224,20,"Fecal",5,"1",10.35890565,2.337846599,0.125206468,1.473668114
"1447","N41301",1214499.267,2,"Fecal",5,"1",10.35890565,2.337846599,0.125206468,-1.647040833
"1448","N41301",6214100.456,14,"Fecal",5,"1",10.35890565,2.337846599,0.125206468,0.433431798
"1451","N41301",4097191.28,8,"Fecal",5,"1",10.35890565,2.337846599,0.125206468,-0.606804518
"1457","N41406",7479566.516,17,"Fecal",4,"2",15.05726165,2.711860376,0.701994771,0.953549956
"1458","N41406",3212806.42,5,"Fecal",4,"2",15.05726165,2.711860376,0.701994771,-1.126922675
"1459","N41406",8207278.75,20,"Fecal",4,"2",15.05726165,2.711860376,0.701994771,1.473668114
"1460","N41406",6941442.038,15,"Fecal",4,"2",15.05726165,2.711860376,0.701994771,0.606804518
"1462","N41406",6652855.115,14,"Fecal",4,"2",15.05726165,2.711860376,0.701994771,0.433431798
"1463","N41406",4574485.619,8,"Fecal",4,"2",15.05726165,2.711860376,0.701994771,-0.606804518
"1464","N41406",5695326.938,11,"Fecal",4,"2",15.05726165,2.711860376,0.701994771,-0.08668636
"1466","N41406",1486337.072,2,"Fecal",4,"2",15.05726165,2.711860376,0.701994771,-1.647040833
"1473","N41801",2098284.357,5,"Fecal",9,"1",5.589291324,1.720852503,-0.826295854,-1.126922675
"1474","N41801",4866497.116,20,"Fecal",9,"1",5.589291324,1.720852503,-0.826295854,1.473668114
"1475","N41801",983704.6982,2,"Fecal",9,"1",5.589291324,1.720852503,-0.826295854,-1.647040833
"1476","N41801",3573233.159,11,"Fecal",9,"1",5.589291324,1.720852503,-0.826295854,-0.08668636
"1477","N41801",4092864.275,14,"Fecal",9,"1",5.589291324,1.720852503,-0.826295854,0.433431798
"1478","N41801",4512462.742,17,"Fecal",9,"1",5.589291324,1.720852503,-0.826295854,0.953549956
"1481","N41801",4239141.564,15,"Fecal",9,"1",5.589291324,1.720852503,-0.826295854,0.606804518
"1484","N41801",2925304.299,8,"Fecal",9,"1",5.589291324,1.720852503,-0.826295854,-0.606804518
"1489","N41908",4635117.194,17,"Fecal",10,"2",3.803722982,1.335980319,-1.419829535,0.953549956
"1490","N41908",2399954.525,5,"Fecal",10,"2",3.803722982,1.335980319,-1.419829535,-1.126922675
"1491","N41908",4248976.18,14,"Fecal",10,"2",3.803722982,1.335980319,-1.419829535,0.433431798
"1492","N41908",4960391.597,20,"Fecal",10,"2",3.803722982,1.335980319,-1.419829535,1.473668114
"1495","N41908",3778069.252,11,"Fecal",10,"2",3.803722982,1.335980319,-1.419829535,-0.08668636
"1496","N41908",4385284.679,15,"Fecal",10,"2",3.803722982,1.335980319,-1.419829535,0.606804518
"1499","N41908",3186054.298,8,"Fecal",10,"2",3.803722982,1.335980319,-1.419829535,-0.606804518
"1501","N41908",1237565.452,2,"Fecal",10,"2",3.803722982,1.335980319,-1.419829535,-1.647040833
"1505","N41909",1137328.5,2,"Fecal",5,"1",11.60535331,2.451466484,0.300426272,-1.647040833
"1506","N41909",6325919.957,20,"Fecal",5,"1",11.60535331,2.451466484,0.300426272,1.473668114
"1507","N41909",5182462.869,14,"Fecal",5,"1",11.60535331,2.451466484,0.300426272,0.433431798
"1508","N41909",2503154.476,5,"Fecal",5,"1",11.60535331,2.451466484,0.300426272,-1.126922675
"1509","N41909",4454334.717,11,"Fecal",5,"1",11.60535331,2.451466484,0.300426272,-0.08668636
"1512","N41909",5797770.557,17,"Fecal",5,"1",11.60535331,2.451466484,0.300426272,0.953549956
"1516","N41909",5396003.023,15,"Fecal",5,"1",11.60535331,2.451466484,0.300426272,0.606804518
"1518","N41909",3578930.456,8,"Fecal",5,"1",11.60535331,2.451466484,0.300426272,-0.606804518
"1521","N42003",4710839.809,11,"Fecal",9,"1",5.550092883,1.713814663,-0.837149314,-0.08668636
"1522","N42003",6813267.528,20,"Fecal",9,"1",5.550092883,1.713814663,-0.837149314,1.473668114
"1523","N42003",2591043.189,5,"Fecal",9,"1",5.550092883,1.713814663,-0.837149314,-1.126922675
"1524","N42003",1157479.371,2,"Fecal",9,"1",5.550092883,1.713814663,-0.837149314,-1.647040833
"1525","N42003",5521128.271,14,"Fecal",9,"1",5.550092883,1.713814663,-0.837149314,0.433431798
"1526","N42003",5760522.909,15,"Fecal",9,"1",5.550092883,1.713814663,-0.837149314,0.606804518
"1527","N42003",6213255.819,17,"Fecal",9,"1",5.550092883,1.713814663,-0.837149314,0.953549956
"1533","N42003",3750075.203,8,"Fecal",9,"1",5.550092883,1.713814663,-0.837149314,-0.606804518
"1537","N42009",3105509.536,14,"Fecal",11,"2",3.022608378,1.10612016,-1.774310196,0.433431798
"1538","N42009",3460429.584,20,"Fecal",11,"2",3.022608378,1.10612016,-1.774310196,1.473668114
"1539","N42009",2845888.855,11,"Fecal",11,"2",3.022608378,1.10612016,-1.774310196,-0.08668636
"1540","N42009",1975151.558,5,"Fecal",11,"2",3.022608378,1.10612016,-1.774310196,-1.126922675
"1542","N42009",3176752.063,15,"Fecal",11,"2",3.022608378,1.10612016,-1.774310196,0.606804518
"1543","N42009",3302945.82,17,"Fecal",11,"2",3.022608378,1.10612016,-1.774310196,0.953549956
"1545","N42009",1101556.425,2,"Fecal",11,"2",3.022608378,1.10612016,-1.774310196,-1.647040833
"1551","N42009",2494586.093,8,"Fecal",11,"2",3.022608378,1.10612016,-1.774310196,-0.606804518
"1553","N42602",4183812.472,20,"Fecal",7,"1",8.588802112,2.150459275,-0.163774375,1.473668114
"1554","N42602",3284773.545,11,"Fecal",7,"1",8.588802112,2.150459275,-0.163774375,-0.08668636
"1555","N42602",2086899.759,5,"Fecal",7,"1",8.588802112,2.150459275,-0.163774375,-1.126922675
"1557","N42602",2785781.651,8,"Fecal",7,"1",8.588802112,2.150459275,-0.163774375,-0.606804518
"1559","N42602",3762825.928,15,"Fecal",7,"1",8.588802112,2.150459275,-0.163774375,0.606804518
"1560","N42602",3950930.3,17,"Fecal",7,"1",8.588802112,2.150459275,-0.163774375,0.953549956
"1561","N42602",1034652.372,2,"Fecal",7,"1",8.588802112,2.150459275,-0.163774375,-1.647040833
"1562","N42602",3660189.619,14,"Fecal",7,"1",8.588802112,2.150459275,-0.163774375,0.433431798
"1569","N42801",2858232.039,20,"Fecal",11,"2",3.021084946,1.105616021,-1.775087659,1.473668114
"1570","N42801",1683622.608,5,"Fecal",11,"2",3.021084946,1.105616021,-1.775087659,-1.126922675
"1571","N42801",2630686.553,15,"Fecal",11,"2",3.021084946,1.105616021,-1.775087659,0.606804518
"1574","N42801",2368820.183,11,"Fecal",11,"2",3.021084946,1.105616021,-1.775087659,-0.08668636
"1575","N42801",2731473.682,17,"Fecal",11,"2",3.021084946,1.105616021,-1.775087659,0.953549956
"1576","N42801",979998.3994,2,"Fecal",11,"2",3.021084946,1.105616021,-1.775087659,-1.647040833
"1577","N42801",2574060.689,14,"Fecal",11,"2",3.021084946,1.105616021,-1.775087659,0.433431798
"1583","N42801",2090482.319,8,"Fecal",11,"2",3.021084946,1.105616021,-1.775087659,-0.606804518
"1585","N44907",9919424.098,20,"Fecal",1,"1",29.32789607,3.378539147,1.730118708,1.473668114
"1586","N44907",8020517.282,15,"Fecal",1,"1",29.32789607,3.378539147,1.730118708,0.606804518
"1587","N44907",3187340.511,5,"Fecal",1,"1",29.32789607,3.378539147,1.730118708,-1.126922675
"1590","N44907",6282065.677,11,"Fecal",1,"1",29.32789607,3.378539147,1.730118708,-0.08668636
"1591","N44907",7606914.33,14,"Fecal",1,"1",29.32789607,3.378539147,1.730118708,0.433431798
"1594","N44907",4817015.823,8,"Fecal",1,"1",29.32789607,3.378539147,1.730118708,-0.606804518
"1595","N44907",1355775.831,2,"Fecal",1,"1",29.32789607,3.378539147,1.730118708,-1.647040833
"1597","N44907",8813115.334,17,"Fecal",1,"1",29.32789607,3.378539147,1.730118708,0.953549956
"1601","N45118",4843229.239,15,"Fecal",2,"2",17.84427533,2.881682747,0.963887682,0.606804518
"1602","N45118",2529160.832,5,"Fecal",2,"2",17.84427533,2.881682747,0.963887682,-1.126922675
"1604","N45118",5534437.494,20,"Fecal",2,"2",17.84427533,2.881682747,0.963887682,1.473668114
"1606","N45118",4119386.431,11,"Fecal",2,"2",17.84427533,2.881682747,0.963887682,-0.08668636
"1607","N45118",5142606.915,17,"Fecal",2,"2",17.84427533,2.881682747,0.963887682,0.953549956
"1608","N45118",3427212.453,8,"Fecal",2,"2",17.84427533,2.881682747,0.963887682,-0.606804518
"1609","N45118",4680521.737,14,"Fecal",2,"2",17.84427533,2.881682747,0.963887682,0.433431798
"1611","N45118",1271044.524,2,"Fecal",2,"2",17.84427533,2.881682747,0.963887682,-1.647040833
"1617","N45301",1024666.212,2,"Fecal",11,"2",2.494901601,0.91424929,-2.070205375,-1.647040833
"1618","N45301",3145114.679,20,"Fecal",11,"2",2.494901601,0.91424929,-2.070205375,1.473668114
"1619","N45301",2572809.211,11,"Fecal",11,"2",2.494901601,0.91424929,-2.070205375,-0.08668636
"1621","N45301",2876767.998,15,"Fecal",11,"2",2.494901601,0.91424929,-2.070205375,0.606804518
"1623","N45301",2995765.498,17,"Fecal",11,"2",2.494901601,0.91424929,-2.070205375,0.953549956
"1625","N45301",1798141.671,5,"Fecal",11,"2",2.494901601,0.91424929,-2.070205375,-1.126922675
"1626","N45301",2810361.4,14,"Fecal",11,"2",2.494901601,0.91424929,-2.070205375,0.433431798
"1628","N45301",2254766.763,8,"Fecal",11,"2",2.494901601,0.91424929,-2.070205375,-0.606804518
"1633","N45507",2790731.11,8,"Fecal",10,"2",4.824887375,1.573787393,-1.053093477,-0.606804518
"1634","N45507",3698826.658,15,"Fecal",10,"2",4.824887375,1.573787393,-1.053093477,0.606804518
"1635","N45507",4123478.973,20,"Fecal",10,"2",4.824887375,1.573787393,-1.053093477,1.473668114
"1637","N45507",2163404.729,5,"Fecal",10,"2",4.824887375,1.573787393,-1.053093477,-1.126922675
"1640","N45507",3597504.908,14,"Fecal",10,"2",4.824887375,1.573787393,-1.053093477,0.433431798
"1641","N45507",3883484.974,17,"Fecal",10,"2",4.824887375,1.573787393,-1.053093477,0.953549956
"1644","N45507",3243160.622,11,"Fecal",10,"2",4.824887375,1.573787393,-1.053093477,-0.08668636
"1645","N45507",1173239.388,2,"Fecal",10,"2",4.824887375,1.573787393,-1.053093477,-1.647040833
"1649","N45508",5428169.895,20,"Fecal",9,"1",5.522582663,1.708845625,-0.844812357,1.473668114
"1650","N45508",2300267.075,5,"Fecal",9,"1",5.522582663,1.708845625,-0.844812357,-1.126922675
"1651","N45508",5020788.197,17,"Fecal",9,"1",5.522582663,1.708845625,-0.844812357,0.953549956
"1652","N45508",4709062.515,15,"Fecal",9,"1",5.522582663,1.708845625,-0.844812357,0.606804518
"1653","N45508",1065667.023,2,"Fecal",9,"1",5.522582663,1.708845625,-0.844812357,-1.647040833
"1656","N45508",3950288.48,11,"Fecal",9,"1",5.522582663,1.708845625,-0.844812357,-0.08668636
"1657","N45508",3225699.993,8,"Fecal",9,"1",5.522582663,1.708845625,-0.844812357,-0.606804518
"1658","N45508",4536341.843,14,"Fecal",9,"1",5.522582663,1.708845625,-0.844812357,0.433431798
"1665","N45509",4432924.844,20,"Fecal",10,"2",5.199041109,1.648474206,-0.937914616,1.473668114
"1666","N45509",2234652.338,5,"Fecal",10,"2",5.199041109,1.648474206,-0.937914616,-1.126922675
"1667","N45509",1184956.425,2,"Fecal",10,"2",5.199041109,1.648474206,-0.937914616,-1.647040833
"1668","N45509",2924509.477,8,"Fecal",10,"2",5.199041109,1.648474206,-0.937914616,-0.606804518
"1670","N45509",3950427.683,15,"Fecal",10,"2",5.199041109,1.648474206,-0.937914616,0.606804518
"1671","N45509",4160417.474,17,"Fecal",10,"2",5.199041109,1.648474206,-0.937914616,0.953549956
"1672","N45509",3835352.658,14,"Fecal",10,"2",5.199041109,1.648474206,-0.937914616,0.433431798
"1676","N45509",3434006.69,11,"Fecal",10,"2",5.199041109,1.648474206,-0.937914616,-0.08668636
"1681","N45601",2546846.874,17,"Fecal",11,"2",1.653305674,0.502776722,-2.704761048,0.953549956
"1682","N45601",2659143.365,20,"Fecal",11,"2",1.653305674,0.502776722,-2.704761048,1.473668114
"1683","N45601",2456420.764,15,"Fecal",11,"2",1.653305674,0.502776722,-2.704761048,0.606804518
"1684","N45601",946575.5283,2,"Fecal",11,"2",1.653305674,0.502776722,-2.704761048,-1.647040833
"1685","N45601",1603043.477,5,"Fecal",11,"2",1.653305674,0.502776722,-2.704761048,-1.126922675
"1686","N45601",2405694.388,14,"Fecal",11,"2",1.653305674,0.502776722,-2.704761048,0.433431798
"1691","N45601",1971881.03,8,"Fecal",11,"2",1.653305674,0.502776722,-2.704761048,-0.606804518
"1692","N45601",2222044.76,11,"Fecal",11,"2",1.653305674,0.502776722,-2.704761048,-0.08668636
"1697","N45708",3602385.065,11,"Fecal",9,"1",6.193259398,1.823461507,-0.668056568,-0.08668636
"1698","N45708",4740598.308,20,"Fecal",9,"1",6.193259398,1.823461507,-0.668056568,1.473668114
"1700","N45708",3004241.869,8,"Fecal",9,"1",6.193259398,1.823461507,-0.668056568,-0.606804518
"1701","N45708",2197798.604,5,"Fecal",9,"1",6.193259398,1.823461507,-0.668056568,-1.126922675
"1702","N45708",4065211.257,14,"Fecal",9,"1",6.193259398,1.823461507,-0.668056568,0.433431798
"1704","N45708",4436846.939,17,"Fecal",9,"1",6.193259398,1.823461507,-0.668056568,0.953549956
"1705","N45708",1055738.523,2,"Fecal",9,"1",6.193259398,1.823461507,-0.668056568,-1.647040833
"1708","N45708",4196581.483,15,"Fecal",9,"1",6.193259398,1.823461507,-0.668056568,0.606804518
"1713","N45806",5705384.775,20,"Fecal",5,"1",12.54131967,2.529028767,0.420039559,1.473668114
"1714","N45806",1164199.602,2,"Fecal",5,"1",12.54131967,2.529028767,0.420039559,-1.647040833
"1716","N45806",2484517.327,5,"Fecal",5,"1",12.54131967,2.529028767,0.420039559,-1.126922675
"1717","N45806",4214287.532,11,"Fecal",5,"1",12.54131967,2.529028767,0.420039559,-0.08668636
"1718","N45806",5300153.144,17,"Fecal",5,"1",12.54131967,2.529028767,0.420039559,0.953549956
"1720","N45806",4813249.326,14,"Fecal",5,"1",12.54131967,2.529028767,0.420039559,0.433431798
"1723","N45806",3461122.952,8,"Fecal",5,"1",12.54131967,2.529028767,0.420039559,-0.606804518
"1726","N45806",4987877.091,15,"Fecal",5,"1",12.54131967,2.529028767,0.420039559,0.606804518
"1729","N46602",2608733.572,15,"Fecal",11,"2",2.035700783,0.710840125,-2.383894427,0.606804518
"1730","N46602",2001699.638,8,"Fecal",11,"2",2.035700783,0.710840125,-2.383894427,-0.606804518
"1731","N46602",1586257.737,5,"Fecal",11,"2",2.035700783,0.710840125,-2.383894427,-1.126922675
"1732","N46602",907214.0558,2,"Fecal",11,"2",2.035700783,0.710840125,-2.383894427,-1.647040833
"1734","N46602",2306046.928,11,"Fecal",11,"2",2.035700783,0.710840125,-2.383894427,-0.08668636
"1735","N46602",2890938.086,20,"Fecal",11,"2",2.035700783,0.710840125,-2.383894427,1.473668114
"1736","N46602",2732393.227,17,"Fecal",11,"2",2.035700783,0.710840125,-2.383894427,0.953549956
"1738","N46602",2540548.266,14,"Fecal",11,"2",2.035700783,0.710840125,-2.383894427,0.433431798
"1745","NAC421",1917511.078,5,"Fecal",9,"1",6.327023116,1.844829844,-0.635103218,-1.126922675
"1746","NAC421",994509.8486,2,"Fecal",9,"1",6.327023116,1.844829844,-0.635103218,-1.647040833
"1748","NAC421",3528620.466,20,"Fecal",9,"1",6.327023116,1.844829844,-0.635103218,1.473668114
"1750","NAC421",3362345.108,17,"Fecal",9,"1",6.327023116,1.844829844,-0.635103218,0.953549956
"1751","NAC421",2870962.752,11,"Fecal",9,"1",6.327023116,1.844829844,-0.635103218,-0.08668636
"1752","NAC421",3150321.891,14,"Fecal",9,"1",6.327023116,1.844829844,-0.635103218,0.433431798
"1754","NAC421",3226742.548,15,"Fecal",9,"1",6.327023116,1.844829844,-0.635103218,0.606804518
"1755","NAC421",2485203.626,8,"Fecal",9,"1",6.327023116,1.844829844,-0.635103218,-0.606804518
